"id","name","rank","system","type","weight","maxlevel","hp","mp","str","def","agi","int","view","like","hate"
"501","竜王","SS","？？？系","攻撃","32","80","672","408","391","358","301","387","262008","384","34"
"521","闇の大魔王ゾーマ","SS","？？？系","魔法","32","80","590","310","402","416","391","439","280906","483","86"
"543","地獄の帝王エスターク","SS","？？？系","攻撃","32","80","644","230","472","478","386","338","230052","337","72"
"538","大魔王デスタムーア","SS","？？？系","魔法","32","80","615","282","458","420","411","346","223091","359","125"
"545","冥獣王ネルゲル","SS","？？？系","攻撃","32","80","611","300","462","448","406","303","145379","208","162"
"518","大魔王ミルドラース","SS","？？？系","魔法","32","80","695","420","371","348","286","407","181472","178","47"
"514","魔剣士ピサロ","SS","？？？系","攻撃","32","80","624","270","466","408","417","339","319507","513","78"
"506","破壊神シドー","SS","？？？系","魔法","32","80","584","416","358","472","310","382","173565","216","21"
"509","バラモスブロス","SS","？？？系","攻撃","32","80","681","392","406","337","326","332","131410","98","16"
"536","聖天竜ミラクレア","SS","？？？系","万能","27","80","620","300","402","338","398","350","129092","115","37"
"622","聖地竜オリハルゴン","SS","ドラゴン系","防御","27","80","670","260","451","453","319","248","121911","113","37"
"611","キングヒドラ","SS","ドラゴン系","攻撃","27","80","662","338","442","366","286","201","163315","317","30"
"520","大魔王ゾーマ","S","？？？系","魔法","23","80","567","282","376","368","369","432","49401","51","11"
"542","エスターク","S","？？？系","攻撃","23","80","602","220","456","458","336","320","39698","16","8"
"544","冥王ネルゲル","S","？？？系","攻撃","23","80","581","252","453","376","416","313","56479","36","24"
"505","ハーゴン","S","？？？系","魔法","23","80","552","385","337","440","273","403","50710","48","4"
"537","デスタムーア","S","？？？系","攻撃","23","80","602","256","451","412","388","279","56423","33","30"
"517","ミルドラース","S","？？？系","魔法","23","80","632","369","360","332","274","419","49099","33","15"
"621","神竜","SS","ドラゴン系","攻撃","27","80","648","274","442","401","363","255","244626","319","50"
"500","りゅうおう","S","？？？系","万能","23","80","618","340","364","354","294","411","65005","55","11"
"555","ゴールデンスライム","SS","スライム系","防御","27","80","520","350","324","600","192","336","328540","517","50"
"374","デスプリースト","SS","ゾンビ系","魔法","27","80","501","366","354","327","319","448","214529","163","27"
"567","クイーンスライム","SS","スライム系","攻撃","27","80","610","262","453","342","327","361","63293","48","7"
"722","邪眼皇帝アウルート","SS","魔獣系","魔法","27","80","592","294","318","356","399","396","49037","87","22"
"679","オーシャンボーン","SS","自然系","防御","27","80","711","303","419","361","336","224","69262","44","18"
"717","舞踏魔プレシアンナ","SS","魔獣系","攻撃","27","80","601","264","439","358","390","301","148114","166","21"
"685","海王神","SS","自然系","攻撃","27","80","655","260","457","358","376","247","95618","60","40"
"860","ヘビーマジンガ","SS","物質系","攻撃","27","80","575","250","445","458","394","230","133085","120","79"
"841","ランプの魔王","SS","悪魔系","魔法","27","80","571","247","388","352","403","390","145150","149","40"
"712","ゲリュオン","SS","魔獣系","攻撃","27","80","580","225","435","371","402","338","150882","117","12"
"708","魔剣神レパルド","SS","魔獣系","攻撃","27","80","576","221","449","384","408","312","190005","170","43"
"559","ダイヤモンドスライム","SS","スライム系","防御","27","80","172","360","311","780","426","300","167242","144","31"
"839","デーモンキング","SS","悪魔系","魔法","27","80","640","296","371","410","248","381","117787","111","78"
"613","ドラゴンガイア","SS","ドラゴン系","攻撃","27","80","634","232","486","402","368","223","190624","174","42"
"784","メカバーン","SS","物質系","防御","27","80","615","240","468","473","316","232","176126","184","18"
"823","セルゲイナス","SS","悪魔系","攻撃","27","80","644","261","450","320","345","324","165460","115","30"
"270","キラーマジンガ","SS","物質系","攻撃","27","80","584","270","460","451","325","253","223561","332","21"
"399","ヘルクラッシャー","SS","ゾンビ系","攻撃","27","80","592","260","456","431","348","254","221215","268","29"
"780","マジックアーマー","SS","物質系","防御","27","80","559","304","421","448","331","271","234807","187","40"
"799","エビルエスターク","SS","物質系","攻撃","27","80","594","295","438","456","290","259","206153","318","36"
"250","れんごくまちょう","SS","魔獣系","攻撃","27","80","603","348","391","362","355","272","182083","119","116"
"811","ヘルヴィーナス","SS","悪魔系","魔法","27","80","548","316","351","318","345","452","144606","154","32"
"818","ライオネック","SS","悪魔系","魔法","27","80","558","286","441","372","344","329","226158","192","25"
"288","ヘルミラージュ","S","物質系","補助","18","80","520","328","344","359","303","376","250889","211","24"
"909","ダークアラストル","SS","悪魔系","攻撃","27","80","581","240","452","418","371","263","149278","133","14"
"628","デビルドラグナー","SS","ドラゴン系","攻撃","27","80","622","270","446","370","382","235","208214","256","18"
"676","デスアラウネ","SS","自然系","万能","27","80","552","288","400","361","387","336","205953","242","338"
"851","ゴッドバロン","SS","物質系","攻撃","27","80","530","231","425","400","411","326","233142","176","40"
"624","グランシーザー","SS","ドラゴン系","攻撃","27","80","640","348","442","340","344","208","340261","349","36"
"837","はめつの使者","SS","悪魔系","魔法","27","80","624","370","318","314","334","362","245591","304","125"
"341","デスカイザー","SS","悪魔系","魔法","27","80","580","371","415","310","248","396","221916","191","39"
"556","デンガー","SS","スライム系","攻撃","27","80","638","241","456","340","351","294","329699","551","40"
"384","ヴァルハラー","SS","ゾンビ系","攻撃","27","80","566","254","418","450","320","312","318384","539","48"
"508","バラモス","S","？？？系","魔法","23","80","638","344","381","317","307","329","33201","15","3"
"515","バラモスゾンビ","SS","？？？系","攻撃","27","80","648","314","452","331","306","265","229398","178","21"
"370","グレートライドン","S","ゾンビ系","攻撃","18","80","539","351","411","366","352","296","145686","150","14"
"752","てんのもんばん","SS","物質系","防御","27","80","660","236","425","460","258","276","218615","161","39"
"709","トワイライトメア","SS","魔獣系","回復","27","80","608","278","331","328","376","392","239780","215","52"
"396","ソードイド","SS","ゾンビ系","攻撃","27","80","610","259","444","392","340","261","294973","326","38"
"375","ブラッドナイト","SS","ゾンビ系","攻撃","27","80","521","259","435","355","411","321","162444","136","14"
"42","メタルカイザー","SS","スライム系","防御","27","80","178","346","318","725","433","300","252921","284","258"
"660","ヘルバオム","SS","自然系","補助","27","80","597","232","431","390","299","345","119057","130","14"
"220","ハヌマーン","SS","魔獣系","攻撃","27","80","562","261","398","337","412","323","267371","214","53"
"539","マガルギ","SS","？？？系","攻撃","27","80","568","220","421","345","352","386","201783","170","43"
"223","黒竜丸","SS","魔獣系","攻撃","27","80","583","249","441","361","359","296","163260","108","42"
"502","デスピサロ","S","？？？系","攻撃","23","80","587","244","455","419","318","243","58425","58","11"
"79","ブラックドラゴン","S","ドラゴン系","攻撃","18","80","630","344","431","331","314","208","97121","59","11"
"383","ナイトキング","S","ゾンビ系","攻撃","18","80","562","251","393","412","316","324","55012","33","5"
"779","サタンメイル","S","物質系","防御","18","80","536","270","418","439","322","263","51149","17","7"
"634","ファンキードラゴ","S","ドラゴン系","攻撃","18","80","562","270","428","360","406","221","167048","154","15"
"916","アモデウス","S","悪魔系","魔法","18","80","582","224","356","361","349","375","83360","33","532"
"35","ゴッドライダー","S","スライム系","攻撃","18","80","618","264","428","338","306","293","88444","68","3"
"849","デビルマスタッシュ","S","悪魔系","攻撃","18","80","560","231","434","412","351","258","91692","42","6"
"912","サイコマスター","S","悪魔系","魔法","18","80","586","220","381","336","375","348","205707","188","37"
"346","あくましんかん","S","悪魔系","回復","18","80","604","368","352","276","312","334","91793","99","6"
"871","クラウンヘッド","S","物質系","防御","18","80","604","401","410","456","201","173","87224","80","23"
"716","妖魔ジュリアンテ","S","魔獣系","攻撃","18","80","557","253","412","340","385","298","60662","49","4"
"754","ドンガンバ","S","物質系","攻撃","18","80","521","230","415","352","402","325","106132","59","13"
"249","にじくじゃく","S","魔獣系","攻撃","18","80","582","335","384","341","348","254","52390","28","9"
"683","潮風のディーバ","S","自然系","補助","18","80","611","280","351","412","254","336","97584","52","5"
"952","ブラストクロウ","S","ゾンビ系","万能","18","80","503","231","402","410","376","322","83728","34","24"
"688","エビルトレント","S","自然系","万能","18","80","661","339","314","416","212","301","125200","91","14"
"856","ゴールデンパペット","S","物質系","補助","18","80","524","270","391","428","405","225","99631","49","16"
"566","プリンセスライム","S","スライム系","攻撃","18","80","582","255","418","334","308","346","14678","8","3"
"666","グラコス","S","自然系","攻撃","18","80","612","226","419","361","304","320","171392","96","19"
"669","ジャミラス","S","自然系","攻撃","18","80","540","238","436","331","392","305","251424","186","28"
"674","ソードフライヤー","S","自然系","攻撃","18","80","525","214","416","358","404","325","216101","117","51"
"711","ダークパンサー","S","魔獣系","攻撃","18","80","562","210","428","354","391","297","36968","7","4"
"620","サラマンダー","S","ドラゴン系","攻撃","18","80","603","271","429","348","347","242","46328","16","3"
"627","ガーディアン","S","ドラゴン系","攻撃","18","80","610","233","440","362","369","226","123892","56","15"
"905","ダークサタン","S","悪魔系","魔法","18","80","544","233","325","374","381","383","162780","90","22"
"395","ゲマ","S","ゾンビ系","魔法","18","80","572","286","336","314","329","402","159242","80","24"
"908","ウィングデビル","S","悪魔系","補助","18","80","524","256","331","432","355","341","120865","55","8"
"558","スライムハーツ","S","スライム系","防御","18","80","500","338","296","470","376","259","46423","20","2"
"654","デビルパピヨン","S","自然系","補助","18","80","562","261","378","391","407","240","115079","83","36"
"684","大海の王者","S","自然系","攻撃","18","80","631","247","438","339","351","233","27030","7","2"
"707","ギュメイ将軍","S","魔獣系","攻撃","18","80","548","203","437","358","386","307","52524","29","5"
"792","まおうのかげ","S","物質系","補助","18","80","494","248","325","421","406","344","267335","180","39"
"680","だいおうクジラ","S","自然系","防御","18","80","668","289","407","330","320","223","18001","7","3"
"721","ゲルニック将軍","S","魔獣系","魔法","18","80","563","269","300","336","382","387","12263","5","2"
"859","キラーマシン３","S","物質系","攻撃","18","80","555","220","435","441","375","210","32973","9","5"
"41","グランスライム","S","スライム系","防御","18","80","532","321","314","438","358","273","54599","29","5"
"822","ゴールデンゴーレム","S","悪魔系","攻撃","18","80","606","242","428","312","331","316","44393","18","1"
"840","ランプのまじん","S","悪魔系","補助","18","80","552","234","377","336","385","351","39118","9","3"
"919","イビルキュリア","S","悪魔系","攻撃","18","80","564","216","432","398","374","251","51128","35","6"
"796","ダークファンタズマ","S","物質系","攻撃","18","80","525","246","430","352","380","301","166204","94","14"
"798","デスマシーン","S","物質系","攻撃","18","80","580","273","421","438","279","243","54357","22","11"
"244","ジャミ","S","魔獣系","補助","18","80","563","214","394","356","382","324","189533","118","53"
"150","メタルスコーピオン","SS","自然系","防御","27","80","531","191","411","502","353","245","167090","135","189"
"241","レジェンドホーン","S","魔獣系","回復","18","80","570","320","324","311","335","372","102983","68","5"
"844","ダークホビット","S","悪魔系","防御","18","80","545","226","433","452","372","204","218015","198","31"
"777","オーガキング","S","物質系","防御","18","80","640","225","432","423","326","185","286427","218","43"
"618","ライバーンロード","S","ドラゴン系","攻撃","18","80","572","268","421","342","367","261","134590","86","79"
"783","メタルドラゴン","S","物質系","防御","18","80","581","226","448","455","297","224","39011","17","7"
"703","ブレイズホーン","S","魔獣系","攻撃","18","80","621","270","442","310","336","251","136437","97","22"
"671","フロストナーガ","S","自然系","攻撃","18","80","562","220","429","361","408","250","103001","62","56"
"829","デスストーカー","S","悪魔系","攻撃","18","80","596","233","438","342","331","289","222429","164","32"
"87","バザックス","S","ドラゴン系","防御","18","80","486","198","412","430","238","314","80230","36","29"
"821","バルバロッサ","S","悪魔系","魔法","18","80","522","236","374","351","363","381","238917","205","27"
"787","メタルクラッシャー","S","物質系","攻撃","18","80","490","270","410","425","405","225","210211","264","27"
"570","ドラゴメタル","S","スライム系","万能","18","80","438","255","329","501","372","330","97857","101","6"
"392","ブラッドマミー","S","ゾンビ系","攻撃","18","80","680","193","432","408","311","199","188414","91","34"
"836","キラージャック","S","悪魔系","補助","18","80","568","240","419","355","380","261","157575","85","34"
"706","スケアリードッグ","S","魔獣系","攻撃","18","80","678","211","445","351","312","225","131952","67","35"
"504","聖竜ミラクレア","S","？？？系","万能","18","80","582","281","370","333","315","341","32891","28","5"
"516","オムド・ロレス","S","？？？系","攻撃","18","80","560","275","367","410","255","355","89379","60","23"
"398","魔王の使い","S","ゾンビ系","攻撃","18","80","566","217","434","425","331","248","59401","23","1"
"838","アクバー","S","悪魔系","魔法","18","80","590","271","365","380","242","372","41746","14","7"
"847","マポレーナ","S","悪魔系","補助","18","80","514","310","362","336","378","320","203440","286","26"
"369","ヘルガーディアン","S","ゾンビ系","防御","18","80","552","168","386","401","295","268","62502","29","53"
"329","ヘルバトラー","S","悪魔系","魔法","18","80","571","362","375","304","242","361","59903","42","7"
"817","イズライール","S","悪魔系","魔法","18","80","529","279","423","367","311","303","51644","14","2"
"612","キングリザード","S","ドラゴン系","攻撃","18","80","605","212","453","389","344","208","55917","31","1"
"280","Sキラーマシン","S","物質系","攻撃","18","80","550","225","420","415","325","275","276995","263","37"
"95","クローハンズ","S","ドラゴン系","攻撃","18","80","492","241","427","348","383","318","95085","95","13"
"269","キラーマシン2","S","物質系","攻撃","18","80","527","256","445","429","310","238","58197","36","7"
"146","ごくらくちょう","S","自然系","回復","18","80","531","267","349","329","369","359","170513","132","24"
"314","ベリアル","S","悪魔系","魔法","18","80","552","262","381","364","280","360","137765","130","13"
"32","スライムマデュラ","S","スライム系","防御","18","80","510","347","321","515","182","316","95557","96","5"
"231","ゴンズ","S","魔獣系","攻撃","18","80","644","172","442","392","327","208","85285","46","19"
"148","クインローズ","S","自然系","回復","18","80","518","252","381","348","374","311","103914","87","6"
"810","妖女イシュダル","S","悪魔系","魔法","18","80","524","297","340","311","334","372","47123","17","7"
"313","トロルボンバー","S","悪魔系","攻撃","18","80","660","102","451","403","333","128","123941","82","14"
"751","だいまじん","S","物質系","防御","18","80","604","233","396","457","201","276","46910","17","5"
"122","ヘラクレイザー","S","自然系","防御","18","80","584","134","411","420","238","227","84330","48","40"
"219","じごくのヌエ","S","魔獣系","攻撃","18","80","561","215","393","328","371","287","44372","13","3"
"362","ワイトキング","S","ゾンビ系","魔法","18","80","481","298","337","312","310","398","55085","15","0"
"334","てっきゅうまじん","S","悪魔系","攻撃","18","80","488","178","422","316","341","290","100799","45","23"
"349","デビルロード","S","悪魔系","魔法","18","80","511","345","402","306","341","224","25147","5","3"
"218","ブルファング","S","魔獣系","補助","18","80","610","241","388","372","231","267","188960","153","30"
"221","レッドオーガ","S","魔獣系","攻撃","18","80","582","195","439","345","324","218","102097","47","30"
"73","オリハルゴン","S","ドラゴン系","防御","18","80","588","224","418","417","210","234","23122","10","4"
"358","黒騎士レオコーン","S","ゾンビ系","万能","18","80","505","244","397","330","311","304","39726","23","2"
"631","魔戦士ルギウス","S","ドラゴン系","攻撃","14","80","533","218","417","331","352","220","195289","286","31"
"513","ドメディ","S","？？？系","魔法","14","80","517","202","386","375","280","310","195368","164","54"
"920","魔戦士アルゴ","S","悪魔系","攻撃","14","80","501","220","322","404","257","366","98815","46","112"
"718","魔戦士ヴェーラ","S","魔獣系","攻撃","14","80","517","211","410","335","386","210","163968","196","22"
"689","魔戦士ホゲイラ","S","自然系","攻撃","14","80","596","207","411","363","302","186","98720","44","79"
"81","ドラゴンゾンビ","S","ドラゴン系","攻撃","18","80","624","256","431","308","229","216","43638","22","5"
"321","死神の騎士","S","悪魔系","万能","14","80","503","234","370","410","261","284","70028","84","10"
"540","ムドー","S","？？？系","魔法","14","80","516","252","320","324","338","311","175536","116","28"
"121","ローズバトラー","S","自然系","補助","18","80","573","205","370","372","239","301","35201","18","2"
"529","不死鳥ラーミア","S","？？？系","魔法","14","80","551","224","280","325","342","337","223957","194","32"
"512","カカロン","S","？？？系","攻撃","14","80","503","240","352","291","345","328","137623","103","17"
"238","ブオーン","S","魔獣系","攻撃","14","80","600","225","418","320","270","225","54482","62","12"
"510","クシャラミ","S","？？？系","攻撃","14","80","485","230","374","281","378","310","139475","151","18"
"324","バズズ","S","悪魔系","攻撃","14","80","478","282","331","261","304","286","107255","77","12"
"953","セバスチャン","S","ゾンビ系","補助","14","80","511","238","327","340","322","301","61346","30","16"
"70","やまたのおろち","S","ドラゴン系","攻撃","18","80","652","228","429","363","203","161","37568","31","6"
"123","さそりアーマー","S","自然系","防御","18","80","522","141","408","431","300","233","32075","8","7"
"328","アトラス","S","悪魔系","攻撃","14","80","493","177","410","335","165","144","91857","78","14"
"714","レジェンドホース","S","魔獣系","攻撃","14","80","513","207","389","342","331","234","32757","3","1"
"511","バルバルー","S","？？？系","攻撃","14","80","525","200","410","331","328","220","103988","38","29"
"635","怪獣プスゴン","S","ドラゴン系","補助","14","80","584","241","395","331","292","168","123029","63","44"
"954","妖剣士オーレン","S","ゾンビ系","攻撃","14","80","522","210","406","341","338","193","152154","172","20"
"913","悪魔ザイガス","S","悪魔系","魔法","14","80","513","181","360","295","312","348","121669","46","10"
"861","ゴールドマジンガ","S","物質系","攻撃","14","80","520","210","410","400","300","160","158246","168","18"
"720","モグラ盗賊団","S","魔獣系","補助","14","80","536","220","392","345","298","206","84271","74","14"
"853","ピサロナイト","S","物質系","防御","14","80","510","180","385","420","320","181","152633","131","20"
"130","クラーゴン","S","自然系","攻撃","18","80","693","188","427","322","171","194","98296","62","24"
"563","スライムファミリー","S","スライム系","万能","14","80","550","220","301","310","286","321","140611","92","18"
"376","じごくのきし","S","ゾンビ系","補助","18","80","571","190","417","318","248","241","58884","19","5"
"652","エグドラシル","S","自然系","回復","14","80","587","233","302","328","210","319","83899","69","13"
"625","じげんりゅう","S","ドラゴン系","攻撃","14","80","570","204","408","306","311","180","107598","99","119"
"659","プチットガールズ","S","自然系","魔法","14","80","530","200","320","297","355","276","136319","133","12"
"33","スラキャンサー","S","スライム系","防御","14","80","526","172","294","432","321","230","71296","98","53"
"49","スライダークロボ","S","スライム系","攻撃","14","80","540","200","400","380","260","190","188768","164","27"
"782","ドラゴンマシン","S","物質系","攻撃","14","80","511","190","404","347","341","174","204808","236","29"
"833","カンダタレディース","S","悪魔系","攻撃","14","80","520","180","361","304","338","262","117182","90","87"
"295","バベルボブル","S","物質系","攻撃","14","80","521","233","419","300","248","241","108953","73","15"
"867","ダーククリスタル","S","物質系","防御","14","80","502","196","332","435","181","309","99719","58","20"
"564","バトミン","S","スライム系","攻撃","14","80","504","207","351","306","364","220","15711","13","2"
"675","ロック鳥","S","自然系","万能","14","80","510","200","292","300","341","308","234164","143","36"
"866","ハナちゃん","S","物質系","回復","14","80","548","240","280","355","228","300","24916","37","4"
"629","コアトル","S","ドラゴン系","攻撃","14","80","525","168","406","334","311","202","176270","56","45"
"541","ゾーマズデビル","S","？？？系","魔法","14","80","478","200","324","338","336","262","136632","90","25"
"327","ギガンテス","S","悪魔系","攻撃","14","80","541","154","412","288","336","182","73932","54","17"
"299","キラーアーマー","S","物質系","攻撃","14","80","510","206","408","340","250","207","134683","107","15"
"546","勇者まねまね隊","S","？？？系","攻撃","14","80","531","225","386","272","345","161","79141","75","8"
"203","キングレオ","S","魔獣系","攻撃","14","80","510","240","381","278","233","278","108473","68","12"
"167","やつざきアニマル","S","魔獣系","攻撃","14","80","502","198","395","318","320","181","183737","129","31"
"181","バルザック","S","魔獣系","攻撃","14","80","557","268","403","301","166","211","65039","24","10"
"246","ゲレゲレ","S","魔獣系","攻撃","14","80","511","200","410","270","355","150","86972","81","5"
"651","ファンキーバード","S","自然系","回復","14","80","501","220","297","305","352","218","64494","31","19"
"615","ギガントドラゴン","S","ドラゴン系","攻撃","14","80","541","179","414","352","237","158","43419","19","16"
"825","ハッピークリスマス","S","悪魔系","補助","14","80","531","172","393","245","332","208","68490","59","31"
"868","Sキラーマシンライト","S","物質系","攻撃","14","80","495","185","365","375","300","160","71984","30","10"
"815","ハッピーハロウィン","S","悪魔系","魔法","14","80","502","221","266","243","318","327","49878","48","8"
"323","シルバーデビル","A","悪魔系","魔法","9","70","419","287","359","266","351","192","6557","9","2"
"287","ヘルクラウダー","A","物質系","補助","9","70","419","264","277","318","261","334","22336","4","1"
"240","ユニコーン","A","魔獣系","回復","9","70","452","242","306","265","310","296","31579","9","1"
"902","グレドラ","A","悪魔系","攻撃","9","70","445","210","264","301","320","326","78786","103","10"
"367","死神きぞく","A","ゾンビ系","魔法","9","70","442","262","320","265","306","271","19372","7","2"
"904","ホラーウォーカー","A","悪魔系","魔法","9","70","425","184","291","312","337","316","30331","3","0"
"870","ゴードンヘッド","A","物質系","防御","9","70","491","253","376","380","200","164","12308","4","1"
"345","じごくのつかい","A","悪魔系","回復","9","70","462","264","310","237","317","274","27701","5","4"
"569","スライムブレス","A","スライム系","万能","9","70","415","203","325","312","338","269","15084","4","2"
"907","ヘルビースト","A","悪魔系","補助","9","70","407","219","296","364","301","275","24152","3","2"
"805","ようじゅつし","A","悪魔系","魔法","9","70","403","257","348","285","240","328","141593","185","21"
"551","ウルスラ","A","スライム系","攻撃","9","70","600","268","283","276","152","281","149398","162","26"
"820","メッサーラ","A","悪魔系","魔法","9","70","426","187","313","306","335","292","40140","7","1"
"668","エビルホーク","A","自然系","攻撃","9","70","438","176","376","273","362","233","25334","4","3"
"848","ジェネラルダンテ","A","悪魔系","攻撃","9","70","438","176","381","329","319","213","31077","4","2"
"911","エビルソーサラー","A","悪魔系","魔法","9","70","443","172","336","289","340","275","26644","5","2"
"205","ギガデーモン","S","魔獣系","攻撃","18","80","524","232","439","314","157","189","26809","13","8"
"915","ヘルコンダクター","A","悪魔系","魔法","9","70","451","184","311","296","308","304","15903","2","1"
"835","きりさきピエロ","A","悪魔系","補助","9","70","437","188","364","313","349","203","31974","10","2"
"918","じごくのマドンナ","A","悪魔系","攻撃","9","70","430","173","372","315","351","210","14242","3","4"
"385","キャプテン・クロウ","S","ゾンビ系","攻撃","14","80","506","182","362","341","257","203","111941","58","8"
"682","フラワーゾンビ","A","自然系","補助","9","70","458","226","320","327","243","277","24825","4","1"
"951","カプリゴン","A","ゾンビ系","万能","9","70","404","172","335","328","343","269","23035","2","0"
"710","ウイングタイガー","A","魔獣系","攻撃","9","70","435","175","371","302","344","224","16334","3","2"
"855","パペットマン","A","物質系","補助","9","70","423","199","337","345","362","184","22229","5","0"
"633","みずたまドラゴン","A","ドラゴン系","攻撃","9","70","417","218","370","307","363","174","20678","5","0"
"673","ガーゴイル","A","自然系","攻撃","9","70","426","161","362","294","367","239","31243","2","0"
"228","リベリオファミリー","S","魔獣系","攻撃","14","80","487","174","405","289","298","194","120812","109","25"
"687","ウドラー","A","自然系","万能","9","70","498","246","307","331","199","265","24567","2","1"
"394","ネクロマンサー","A","ゾンビ系","魔法","9","70","471","235","291","266","274","308","23800","5","1"
"795","ブリザードマン","A","物質系","攻撃","9","70","422","187","374","294","341","226","22382","4","1"
"28","ダークキング","S","スライム系","魔法","14","80","512","227","320","250","199","336","84644","68","8"
"78","グレイトドラゴン","A","ドラゴン系","攻撃","9","70","479","260","373","265","271","196","20928","10","3"
"34","スライムジェネラル","A","スライム系","攻撃","9","70","461","214","359","302","271","236","32800","13","4"
"816","シャドーサタン","A","悪魔系","魔法","9","70","421","226","367","302","241","286","37153","7","5"
"670","マリンデュエル","A","自然系","攻撃","9","70","432","167","365","314","358","207","25214","3","5"
"665","グレイトマーマン","A","自然系","攻撃","9","70","469","179","367","313","258","256","27118","3","4"
"791","ホロゴースト","A","物質系","補助","9","70","408","187","304","326","351","265","29298","8","2"
"678","キラーモス","A","自然系","補助","9","70","431","203","321","336","358","192","17223","1","3"
"248","マッドファルコン","A","魔獣系","攻撃","9","70","452","244","336","287","319","202","24505","4","4"
"617","ライバーン","A","ドラゴン系","攻撃","9","70","416","191","362","308","338","225","16740","3","1"
"373","シルバーマント","A","ゾンビ系","攻撃","9","70","417","192","369","288","372","199","53812","81","2"
"519","サイモン＆ホイミン","S","？？？系","万能","14","80","440","185","371","348","239","253","41344","38","17"
"243","ラムポーン","A","魔獣系","補助","9","70","443","172","318","319","337","245","18965","1","1"
"296","木馬の騎士","A","物質系","攻撃","9","70","423","186","358","295","341","231","25958","5","5"
"843","ビッグフェイス","A","悪魔系","防御","9","70","439","166","371","392","279","186","27757","2","1"
"702","タウラス","A","魔獣系","攻撃","9","70","478","216","380","285","297","176","36190","6","3"
"626","ドラゴンライダー","A","ドラゴン系","攻撃","9","70","467","186","374","314","308","181","39333","8","2"
"183","ベンガル","A","魔獣系","攻撃","9","70","432","188","378","267","340","224","19373","3","5"
"619","スカイドラゴン","A","ドラゴン系","攻撃","9","70","458","217","374","286","304","189","34296","37","3"
"86","サウルスロード","A","ドラゴン系","防御","9","70","414","178","351","375","221","288","6879","2","0"
"865","マジカルハット","A","物質系","補助","9","70","448","200","275","348","236","320","43885","16","4"
"397","ボーンファイター","A","ゾンビ系","攻撃","9","70","443","175","384","316","307","198","25485","4","1"
"917","モリーサタン","S","悪魔系","魔法","18","80","428","120","341","320","311","300","32631","8","4"
"211","キマライガー","A","魔獣系","攻撃","9","70","381","158","376","301","345","258","30777","10","5"
"828","エリミネーター","A","悪魔系","攻撃","9","70","468","182","369","311","284","203","31224","7","0"
"285","フロストギズモ","A","物質系","魔法","9","70","352","228","314","296","309","318","18110","21","0"
"344","デス・アミーゴ","A","悪魔系","魔法","9","70","453","209","348","297","208","297","20937","11","3"
"846","ピンクモーモン","A","悪魔系","補助","9","70","412","236","304","288","346","224","55828","16","4"
"311","アークデーモン","A","悪魔系","魔法","9","70","434","197","328","346","167","338","16060","6","0"
"557","ホミロン","S","スライム系","回復","14","80","430","240","251","325","246","318","60428","46","19"
"705","ヘルジャッカル","A","魔獣系","攻撃","9","70","481","167","386","311","271","194","20178","6","3"
"71","ヒドラ","S","ドラゴン系","攻撃","14","80","518","214","382","325","231","139","99462","70","30"
"786","プロトキラー","A","物質系","攻撃","9","70","440","190","380","355","250","190","36555","8","3"
"382","ナイトリッチ","A","ゾンビ系","攻撃","9","70","431","156","381","347","268","221","29957","9","3"
"797","こうてつまじん","A","物質系","攻撃","9","70","441","183","373","365","266","173","27038","5","5"
"98","まかいファイター","A","ドラゴン系","攻撃","9","70","445","161","371","318","285","218","43964","38","4"
"330","アンクルホーン","A","悪魔系","魔法","9","70","438","307","282","251","200","317","17009","2","1"
"391","マミー","A","ゾンビ系","攻撃","9","70","492","158","373","327","264","177","16627","7","4"
"774","プチキラーアーマー","S","物質系","回復","14","80","463","188","387","325","224","201","45353","12","12"
"131","アーマービートル","A","自然系","防御","9","70","422","155","367","380","239","214","12673","1","2"
"801","バーサーカー","A","悪魔系","攻撃","9","70","409","137","381","304","369","169","16947","63","1"
"31","スライムエンペラー","A","スライム系","防御","9","80","412","245","306","417","162","227","36105","20","1"
"337","オーガソルジャー","A","悪魔系","攻撃","9","70","451","161","364","297","257","237","17766","2","4"
"608","シーバーン","A","ドラゴン系","攻撃","9","70","455","172","358","311","274","197","38390","19","9"
"75","フライングデス","A","ドラゴン系","攻撃","9","70","378","173","351","271","374","220","22891","8","0"
"776","シールドオーガ","A","物質系","防御","9","70","503","159","352","373","234","141","33979","6","3"
"778","デビルアーマー","A","物質系","防御","9","70","427","186","348","352","258","186","22433","8","3"
"76","アイスビックル","A","ドラゴン系","回復","9","70","348","198","326","294","344","244","14022","3","3"
"185","キングムーチョ","A","魔獣系","攻撃","9","70","411","197","384","281","227","250","17018","7","4"
"609","リザードファッツ","A","ドラゴン系","攻撃","9","70","481","138","387","331","316","92","37583","12","4"
"180","バッファロン","A","魔獣系","防御","9","70","443","105","350","354","279","203","17241","1","0"
"361","デュラハーン","A","ゾンビ系","防御","9","70","452","141","315","341","250","235","13916","1","3"
"29","勇車スラリンガル","S","スライム系","攻撃","14","80","522","161","397","305","154","195","50314","26","16"
"114","ガルーダ","A","自然系","魔法","9","70","361","188","266","251","367","295","21419","3","0"
"274","うごくせきぞう","A","物質系","防御","9","70","488","186","357","355","87","254","17429","3","1"
"360","なげきのぼうれい","A","ゾンビ系","魔法","9","70","341","255","250","257","258","365","19479","6","1"
"21","バブルキング","A","スライム系","補助","9","70","392","288","329","312","185","219","23615","36","14"
"267","キラーマシン","A","物質系","防御","9","70","375","115","335","345","350","195","32441","21","0"
"173","キマイラロード","A","魔獣系","補助","9","70","444","130","321","262","310","241","17035","6","1"
"67","アンドレアル","A","ドラゴン系","攻撃","9","70","423","124","369","313","253","223","21547","9","2"
"171","グレンデル","A","魔獣系","万能","9","70","452","151","380","327","201","193","9752","2","0"
"320","あくまの騎士","A","悪魔系","攻撃","9","70","372","174","340","340","245","231","11990","11","0"
"187","グレートオーラス","A","魔獣系","攻撃","9","70","485","166","372","276","220","182","15428","5","3"
"713","れんごく天馬","A","魔獣系","攻撃","9","70","431","157","355","289","285","184","35137","7","2"
"298","じごくのよろい","A","物質系","攻撃","9","70","440","156","364","321","217","201","33212","21","4"
"94","ガメゴンレジェンド","A","ドラゴン系","防御","9","70","373","189","294","364","261","209","23409","20","3"
"172","モヒカント","A","魔獣系","万能","9","70","427","159","333","316","215","235","32057","6","0"
"528","ラーミア","A","？？？系","魔法","9","70","446","185","231","274","265","282","96840","97","28"
"237","プオーン","A","魔獣系","攻撃","9","70","450","200","375","255","220","180","12966","30","1"
"227","キャット・リベリオ","A","魔獣系","攻撃","9","70","402","148","376","246","319","186","35684","15","6"
"291","バル","A","物質系","特殊","9","10","311","229","318","276","254","287","11187","2","2"
"781","ゆきのじょおう","A","物質系","攻撃","9","70","450","186","351","258","239","190","23706","16","22"
"623","ドランゴ","A","ドラゴン系","攻撃","9","70","438","146","382","244","300","164","42923","36","4"
"74","リバイアさま","A","ドラゴン系","攻撃","9","70","440","156","331","277","188","281","16412","12","5"
"824","サンタモーモン","A","悪魔系","補助","9","70","458","149","354","236","278","197","24597","8","6"
"814","パンプキング","A","悪魔系","魔法","9","70","431","198","267","232","284","260","12725","5","2"
"294","ブル","A","物質系","特殊","9","10","352","158","351","279","314","212","7738","2","0"
"193","ボアソルジャー","A","魔獣系","攻撃","9","70","472","168","368","275","198","185","12716","5","3"
"201","バルザックビースト","A","魔獣系","攻撃","9","70","418","230","341","242","187","247","21173","4","0"
"348","サイクロプス","A","悪魔系","攻撃","9","70","465","126","368","242","283","177","21235","7","1"
"202","アームライオン","A","魔獣系","攻撃","9","70","437","173","358","266","261","163","44170","6","4"
"126","サンダーバード","A","自然系","攻撃","9","70","412","94","299","262","376","213","53251","28","3"
"142","デビルプラント","A","自然系","補助","9","70","463","132","310","292","218","239","14288","4","2"
"80","スカルゴン","A","ドラゴン系","攻撃","9","70","439","196","377","267","184","189","17236","5","0"
"603","ドラゴンキッズ","A","ドラゴン系","攻撃","9","70","382","169","358","268","297","177","21055","8","2"
"46","スライダークボディ","A","スライム系","特殊","9","10","420","180","330","330","200","190","37544","26","4"
"359","がいこつけんし","A","ゾンビ系","補助","9","70","424","154","377","278","214","203","21203","7","3"
"830","カンダタハニー","A","悪魔系","特殊","9","10","392","144","302","281","329","201","33276","21","17"
"129","テンタクルス","A","自然系","攻撃","9","70","493","127","341","261","241","184","10662","2","1"
"293","ボル","A","物質系","特殊","9","10","347","186","332","348","248","186","7933","1","0"
"48","スライダークライト","A","スライム系","特殊","9","10","390","110","380","320","280","160","20769","7","6"
"47","スライダークレフト","A","スライム系","特殊","9","10","390","140","360","310","280","160","26192","11","7"
"91","ドラン","A","ドラゴン系","攻撃","9","70","321","211","281","249","341","235","58684","33","8"
"318","ボストロール","A","悪魔系","攻撃","9","70","485","128","398","302","178","146","15093","2","5"
"332","デビルプリンス","A","悪魔系","魔法","9","70","331","147","279","275","285","314","22259","9","6"
"831","カンダタシュガー","A","悪魔系","特殊","9","10","346","178","291","255","301","257","25191","25","11"
"204","マンモデウス","A","魔獣系","防御","9","70","452","195","307","329","176","162","12540","8","3"
"832","カンダタショコラ","A","悪魔系","特殊","9","10","447","132","348","246","238","207","15854","11","11"
"658","プリストガール","A","自然系","特殊","9","10","295","241","242","309","258","272","7655","6","1"
"655","ヒロインガール","A","自然系","特殊","9","10","348","176","359","321","216","197","21058","21","0"
"562","ぱぱ＆まま","A","スライム系","攻撃","9","10","402","171","197","278","262","307","17508","7","7"
"379","グール","A","ゾンビ系","攻撃","9","70","467","148","361","293","147","201","9699","5","4"
"560","スラリン＆スラみ","A","スライム系","攻撃","9","10","400","192","231","257","285","249","36592","35","2"
"561","ミイホン＆ドラお","A","スライム系","攻撃","9","10","458","149","272","270","253","211","25344","10","4"
"565","プラチナキング","S","スライム系","特殊","18","1","51","180","310","600","240","230","43115","27","3"
"614","ギガントヒルズ","A","ドラゴン系","攻撃","9","70","456","158","357","303","204","132","10331","2","0"
"656","ファイターガール","A","自然系","特殊","9","10","396","127","374","251","287","168","9571","9","1"
"657","マージガール","A","自然系","特殊","9","10","332","223","271","257","197","312","10847","4","1"
"283","マジーン","A","物質系","攻撃","9","70","491","116","372","322","176","108","23952","15","7"
"120","ローズダンス","A","自然系","回復","9","70","394","114","366","334","162","210","17850","7","2"
"50","メタルスラン","A","スライム系","補助","9","70","40","80","200","700","300","250","34716","29","7"
"245","ななしの子ネコ","A","魔獣系","攻撃","9","70","400","150","355","255","310","100","21900","12","2"
"292","ベル","A","物質系","特殊","9","10","388","139","373","269","185","201","7881","2","3"
"209","ドン・モグーラ","A","魔獣系","補助","9","70","402","204","293","248","214","187","26542","8","13"
"773","プチじごくのよろい","A","物質系","回復","9","70","396","131","348","297","201","172","6603","1","2"
"806","王女マージュ","A","悪魔系","魔法","9","70","352","253","191","236","208","303","16465","8","3"
"27","ダークスライム","A","スライム系","攻撃","9","70","322","171","310","241","276","219","14302","13","0"
"371","ボーンナイト","B","ゾンビ系","回復","6","60","335","179","275","239","276","214","17465","3","1"
"808","からあげサタン","A","悪魔系","万能","9","70","346","216","265","227","229","231","6170","5","0"
"552","しびれくらげひめ","A","スライム系","攻撃","9","70","374","132","324","232","251","192","16312","19","10"
"701","マッスルももんじゃ","A","魔獣系","攻撃","9","70","448","96","371","262","217","105","12972","16","1"
"380","王子グールー","A","ゾンビ系","攻撃","9","70","389","147","313","239","336","72","16119","7","0"
"663","ブルベリーノ","B","自然系","補助","6","60","318","148","244","257","312","206","16792","13","2"
"901","おおドラキー","B","悪魔系","攻撃","6","60","349","142","241","224","275","247","14000","6","1"
"804","きとうし","B","悪魔系","魔法","6","60","316","205","258","213","192","292","30493","4","1"
"217","ベンガルクーン","B","魔獣系","魔法","6","60","321","207","247","248","162","281","4566","5","1"
"607","ダースドラゴン","B","ドラゴン系","攻撃","6","60","412","171","285","247","176","171","12168","5","1"
"785","ポンコツ兵","B","物質系","攻撃","6","60","335","155","325","300","205","140","39183","10","6"
"869","ビッグモアイ","B","物質系","防御","6","60","328","171","312","310","184","155","15145","3","2"
"568","ドラゴスライム","B","スライム系","万能","6","60","321","132","257","265","281","204","13883","2","2"
"906","ストーンビースト","B","悪魔系","補助","6","60","296","152","235","300","248","227","21264","3","0"
"507","スラン＆キャタピン","A","？？？系","万能","9","70","448","128","316","176","166","221","10635","14","5"
"794","炎の戦士","B","物質系","攻撃","6","60","301","119","312","221","305","196","28084","7","1"
"903","レッサーデーモン","B","悪魔系","魔法","6","60","336","121","216","241","278","262","20006","2","0"
"862","ゴールデンボックス","B","物質系","攻撃","6","60","221","119","360","420","228","105","26988","15","2"
"667","サイレス","B","自然系","攻撃","6","60","309","112","312","218","316","184","31997","4","0"
"610","シャークマジュ","B","ドラゴン系","攻撃","6","60","320","110","324","217","202","278","12744","4","0"
"226","ナイトキャット","B","魔獣系","補助","6","60","294","136","259","268","298","196","3815","8","1"
"260","くもの大王","B","物質系","補助","6","60","328","203","211","242","169","297","27296","6","1"
"834","カメレオンマン","B","悪魔系","補助","6","60","314","125","293","244","318","154","27077","4","0"
"284","ヒートギズモ","B","物質系","魔法","6","60","281","159","252","238","268","249","5616","2","0"
"910","プリーストナイト","B","悪魔系","魔法","6","60","347","125","264","225","272","210","24489","3","2"
"672","ホークマン","B","自然系","攻撃","6","60","306","110","273","237","315","201","28704","2","0"
"632","スマイルリザード","B","ドラゴン系","攻撃","6","60","324","147","301","238","305","127","19731","2","0"
"790","シャドー","B","物質系","補助","6","60","295","129","237","261","305","213","29226","6","0"
"819","ホースデビル","B","悪魔系","魔法","6","60","317","134","259","231","272","227","40822","5","2"
"854","どろにんぎょう","B","物質系","補助","6","60","306","133","251","282","317","149","15925","3","0"
"97","りゅうせんし","B","ドラゴン系","補助","6","60","341","119","286","253","252","183","15269","4","0"
"653","デスファレーナ","B","自然系","補助","6","60","316","154","240","266","312","146","19453","1","0"
"616","テラノバット","B","ドラゴン系","攻撃","6","60","311","134","297","236","287","169","29947","5","3"
"390","ミイラ男","B","ゾンビ系","攻撃","6","60","403","107","312","263","206","142","20185","3","2"
"704","ストロングアニマル","B","魔獣系","攻撃","6","60","384","115","321","252","225","135","25319","8","2"
"664","キングマーマン","B","自然系","攻撃","6","60","374","114","301","249","186","208","25170","3","2"
"681","わかめおうじ","B","自然系","補助","6","60","352","166","238","266","197","211","24918","5","2"
"686","じんめんじゅ","B","自然系","万能","6","60","406","174","215","269","160","205","33751","8","3"
"214","ベロニャーゴ","B","魔獣系","補助","6","60","312","124","274","215","340","158","5819","10","2"
"118","かぶとこぞう","B","自然系","防御","6","60","305","113","279","284","242","200","14986","1","3"
"242","ケンタラウス","B","魔獣系","補助","6","60","346","132","245","256","268","175","21403","1","0"
"842","シールドこぞう","B","悪魔系","防御","6","60","370","103","287","304","236","121","34805","5","0"
"845","モーモン","B","悪魔系","補助","6","60","311","164","242","228","296","178","16092","10","1"
"368","スケアフレイル","B","ゾンビ系","防御","6","60","363","122","275","279","195","184","4422","0","2"
"69","アイスコンドル","B","ドラゴン系","攻撃","6","60","302","106","253","237","311","208","8945","1","1"
"170","グレイトホーン","B","魔獣系","魔法","6","60","344","133","230","260","172","271","18587","3","2"
"189","オークキング","B","魔獣系","万能","6","60","307","238","236","208","240","180","8190","5","0"
"174","とうだいタイガー","B","魔獣系","攻撃","6","60","297","111","298","208","283","211","8060","0","0"
"200","ベロリンマン","B","魔獣系","攻撃","6","60","341","96","240","210","321","200","7962","6","1"
"261","メタルハンター","B","物質系","攻撃","6","60","275","150","295","280","295","110","29809","10","3"
"15","ダークナイト","B","スライム系","攻撃","6","60","285","106","285","267","205","255","23999","13","4"
"827","ごろつき","B","悪魔系","攻撃","6","60","368","119","315","241","207","153","34805","3","2"
"357","エビルスピリッツ","B","ゾンビ系","補助","6","60","288","144","225","251","339","155","5346","4","0"
"230","ソルジャーブル","B","魔獣系","攻撃","6","60","376","88","316","281","186","154","21555","5","1"
"210","ホワイトランサー","B","魔獣系","攻撃","6","60","284","104","301","221","278","211","11198","4","2"
"775","たてまじん","B","物質系","防御","6","60","405","106","301","279","202","106","45132","4","3"
"45","ぶちベホマラー","B","スライム系","回復","6","60","351","182","167","154","340","202","20128","10","2"
"350","くびかり族","B","悪魔系","攻撃","6","60","305","91","328","241","318","112","11105","2","2"
"166","ダンビラムーチョ","B","魔獣系","攻撃","6","60","343","79","303","219","184","264","11766","2","0"
"106","ホークブリザード","B","自然系","魔法","6","60","297","122","233","228","277","235","10480","4","0"
"141","ヘルビートル","B","自然系","防御","6","60","276","128","280","306","205","192","5519","5","1"
"277","キラーマシンライト","A","物質系","防御","9","70","308","118","248","261","289","162","25417","11","4"
"788","プレゼントぶくろ","B","物質系","攻撃","6","1","302","141","215","231","339","157","7582","4","3"
"864","トンブレロ","B","物質系","補助","6","60","362","137","224","269","185","206","10723","2","1"
"343","じごくのピエロ","B","悪魔系","魔法","6","60","351","138","227","231","161","270","11923","6","3"
"914","デスマエストロ","B","悪魔系","魔法","6","60","342","113","200","227","258","234","18095","4","0"
"789","ギフトボックス","B","物質系","攻撃","6","1","284","132","308","229","244","176","8101","3","0"
"16","スライムベホマズン","B","スライム系","回復","6","60","410","264","201","191","103","204","47104","21","5"
"222","マッスルウータン","B","魔獣系","攻撃","6","60","346","121","306","243","248","107","27432","6","2"
"289","パンドラボックス","B","物質系","補助","6","60","303","101","368","231","161","207","15125","17","4"
"307","デザートデーモン","B","悪魔系","万能","6","60","351","135","271","235","160","218","15710","6","3"
"1038","ライムスライム","B","スライム系","回復","6","60","283","178","195","176","333","202","9284","14","1"
"93","レッドドラゴン","B","ドラゴン系","攻撃","6","60","339","99","285","251","212","179","10220","4","0"
"363","フレアドラゴン","B","ゾンビ系","攻撃","6","60","297","124","266","282","204","192","6497","2","1"
"793","おみくじミミック","B","物質系","補助","6","60","295","107","321","239","211","188","5527","2","0"
"186","シーライオン","B","魔獣系","攻撃","6","60","390","98","322","220","152","177","7362","1","3"
"355","ソードファントム","B","ゾンビ系","攻撃","6","60","271","128","267","236","301","153","12161","1","0"
"127","スターキメラ","B","自然系","万能","6","60","257","179","220","212","224","261","9872","5","1"
"113","ヘルコンドル","B","自然系","回復","6","60","288","167","210","248","270","170","17883","3","1"
"279","ブラッドソード","B","物質系","攻撃","6","60","281","128","278","209","279","178","8928","2","0"
"30","スラン","B","スライム系","回復","6","60","313","115","221","202","271","228","8476","7","0"
"266","魔王の書","B","物質系","補助","6","60","253","192","201","216","272","212","15301","2","2"
"312","オーガー","B","悪魔系","攻撃","6","60","367","68","317","234","169","185","10132","1","2"
"64","アルゴングレート","B","ドラゴン系","攻撃","6","60","378","47","295","263","271","79","13476","2","1"
"85","ガメゴンロード","B","ドラゴン系","防御","6","60","296","161","236","313","175","150","7892","1","0"
"605","ドラゴンソルジャー","B","ドラゴン系","攻撃","6","60","368","103","330","222","216","92","25141","8","2"
"192","オークデビル","B","魔獣系","攻撃","6","60","406","132","276","232","156","128","9317","0","2"
"68","オーシャンクロー","B","ドラゴン系","攻撃","6","60","267","101","266","221","272","202","16740","1","1"
"857","ひょうがまじん","B","物質系","防御","6","60","358","121","271","302","155","121","12382","5","0"
"339","アロダイタス","B","悪魔系","補助","6","60","342","118","268","272","111","215","7328","4","1"
"602","ベビーニュート","B","ドラゴン系","攻撃","6","60","291","131","278","235","271","117","6326","3","0"
"90","はしりとかげ","B","ドラゴン系","回復","6","60","299","109","258","201","294","159","9777","2","0"
"378","どくどくゾンビ","B","ゾンビ系","攻撃","6","60","376","119","291","236","118","162","4385","2","0"
"66","デンタザウルス","B","ドラゴン系","防御","6","60","294","98","267","308","144","190","13321","3","1"
"297","さまようよろい","B","物質系","攻撃","6","60","294","96","312","241","189","168","41496","20","1"
"195","ライノスキング","B","魔獣系","防御","6","60","351","91","272","288","121","167","7064","0","0"
"282","アイスゴーレム","B","物質系","防御","6","60","411","97","274","297","118","90","7569","1","1"
"65","ヘルダイバー","B","ドラゴン系","防御","6","60","303","104","251","254","214","158","11887","0","0"
"310","じごくのもんばん","B","悪魔系","魔法","6","60","265","94","225","229","237","214","12082","1","0"
"143","マンドレイク","B","自然系","補助","6","60","341","103","258","219","154","185","4800","0","0"
"802","勇者バーサー","A","悪魔系","攻撃","9","70","436","68","372","233","101","39","16135","9","2"
"229","Vプリズニャン","B","魔獣系","攻撃","6","60","257","151","250","162","283","124","2310","4","0"
"96","Vロン","B","ドラゴン系","攻撃","6","60","307","121","287","198","142","165","5516","2","5"
"128","大王イカ","B","自然系","攻撃","6","60","415","97","288","198","101","115","16604","6","1"
"25","プレミアムスライム","S","スライム系","攻撃","14","80","271","48","218","182","273","215","37456","31","8"
"300","たんすミミック","B","物質系","補助","6","60","311","99","326","241","134","92","8018","8","1"
"147","キャタピン","B","自然系","攻撃","6","60","304","106","287","193","248","64","4495","10","0"
"807","はらぺこサタン","B","悪魔系","万能","6","60","292","166","227","197","174","143","2489","3","1"
"317","トロル","B","悪魔系","攻撃","6","60","413","36","333","231","97","88","8041","3","2"
"772","プチさまようよろい","B","物質系","回復","6","60","271","85","304","219","185","133","8158","3","2"
"36","Vスライムナイト","B","スライム系","攻撃","6","60","301","112","288","182","163","150","6181","4","0"
"26","Vスライム","B","スライム系","攻撃","6","60","249","97","245","173","258","170","4548","4","3"
"37","おまつりホイミン","B","スライム系","回復","6","60","296","168","252","157","205","113","6052","43","0"
"286","ウルベア魔神兵","B","物質系","防御","6","60","360","114","242","304","90","35","24537","15","12"
"290","Vゴーレム","B","物質系","攻撃","6","60","405","105","255","225","75","75","2778","1","7"
"159","ダークホーン","C","魔獣系","補助","3","50","238","126","215","212","136","205","15914","1","2"
"803","まじゅつし","C","悪魔系","魔法","3","50","236","148","193","165","145","226","37406","10","2"
"99","ヘルジュラシック","C","ドラゴン系","攻撃","3","50","253","82","201","181","301","91","12462","5","1"
"258","ギズモ","C","物質系","魔法","3","50","206","112","202","187","192","207","11134","3","12"
"213","プリズニャン","C","魔獣系","補助","3","50","243","102","205","172","271","112","2918","2","2"
"636","メタルリザード","A","ドラゴン系","特殊","9","1","13","82","240","360","360","45","13526","2","1"
"715","メタルバニー","A","魔獣系","特殊","9","1","13","82","240","360","360","45","18337","6","6"
"809","メタルドラキー","A","悪魔系","特殊","9","1","13","82","240","360","360","45","11670","3","4"
"149","メタルナスビ","A","自然系","特殊","9","1","13","82","240","360","360","45","9506","1","2"
"381","メタルゴースト","A","ゾンビ系","特殊","9","1","13","82","240","360","360","45","19147","4","3"
"753","メタルゴーレム","A","物質系","特殊","9","1","13","82","240","360","360","45","16625","8","2"
"63","シュプリンガー","C","ドラゴン系","補助","3","50","245","103","242","206","167","133","23245","3","4"
"852","ようがんまじん","C","物質系","防御","3","50","256","92","215","281","144","107","20247","6","4"
"662","メランザーナ","C","自然系","補助","3","50","226","110","182","191","241","141","7076","3","1"
"225","キャットバット","C","魔獣系","補助","3","50","226","102","190","201","224","147","2472","3","1"
"177","とらおとこ","C","魔獣系","補助","3","50","293","61","223","174","144","193","15499","3","0"
"61","海竜","C","ドラゴン系","攻撃","3","50","246","81","220","196","159","180","15332","3","1"
"17","メタルキング","A","スライム系","特殊","9","1","13","62","240","360","360","45","12374","18","5"
"216","ジャガーメイジ","C","魔獣系","魔法","3","50","248","136","193","186","108","208","2256","4","0"
"850","メイジドラキー","C","悪魔系","攻撃","3","50","237","113","160","152","216","198","12752","3","0"
"372","ぼうれい剣士","C","ゾンビ系","攻撃","3","50","212","94","237","185","227","120","23562","2","1"
"315","デーモンレスラー","C","悪魔系","魔法","3","50","262","112","161","186","120","227","15207","2","1"
"340","ベレス","C","悪魔系","魔法","3","50","218","89","191","188","195","176","18197","1","3"
"139","レッドサイクロン","C","自然系","魔法","3","50","178","131","215","182","201","149","6522","5","1"
"364","かげのきし","C","ゾンビ系","補助","3","50","247","94","190","164","277","84","5240","3","0"
"309","オーガヘッド","C","悪魔系","補助","3","50","276","88","208","204","137","142","11455","5","1"
"92","グリーンドラゴン","C","ドラゴン系","攻撃","3","50","265","72","221","196","159","140","17961","0","2"
"354","しにがみ","C","ゾンビ系","攻撃","3","50","228","77","217","160","273","95","9548","2","1"
"89","テラノザース","C","ドラゴン系","攻撃","3","50","233","87","204","158","256","111","5904","1","0"
"117","ひくいどり","C","自然系","攻撃","3","50","223","102","175","190","235","121","18384","1","3"
"140","ラリホービートル","C","自然系","防御","3","50","212","92","215","235","142","147","4232","1","1"
"125","メイジキメラ","C","自然系","万能","3","50","193","105","172","196","166","211","9469","3","2"
"338","ビッグボック","C","悪魔系","補助","3","50","273","101","218","197","75","178","9310","1","4"
"606","キースドラゴン","C","ドラゴン系","攻撃","3","50","292","113","216","186","120","108","7600","4","0"
"278","しびれだんびら","C","物質系","攻撃","3","50","235","91","212","158","214","121","8118","2","0"
"188","ゴールドオーク","C","魔獣系","万能","3","50","277","114","203","168","122","145","6011","1","2"
"365","デススパーク","C","ゾンビ系","攻撃","3","50","237","102","220","189","158","120","7179","1","2"
"265","だいあくまの書","C","物質系","魔法","3","50","177","122","157","157","223","187","20764","2","4"
"12","キングスライム","C","スライム系","回復","3","50","303","140","187","167","80","145","47156","8","5"
"163","ライノソルジャー","C","魔獣系","防御","3","50","274","77","219","226","103","123","10420","1","0"
"13","ベホマスライム","C","スライム系","回復","3","50","171","134","150","156","172","238","21275","11","2"
"377","くさった死体","C","ゾンビ系","攻撃","3","50","278","97","221","191","95","138","12304","5","3"
"57","プテラノドン","C","ドラゴン系","魔法","3","50","254","63","194","188","147","171","16750","2","1"
"162","タイガーランス","C","魔獣系","攻撃","3","50","178","62","227","176","207","162","17483","1","1"
"137","じごくのたまねぎ","C","自然系","補助","3","50","268","103","187","173","129","151","3075","4","0"
"11","メタルライダー","C","スライム系","防御","3","50","184","75","214","224","145","168","20800","4","0"
"169","コングヘッド","C","魔獣系","攻撃","3","50","238","66","230","184","203","88","32278","6","9"
"604","アックスドラゴン","C","ドラゴン系","攻撃","3","50","273","73","264","175","151","70","25298","2","3"
"247","レノファイター","C","魔獣系","攻撃","3","50","269","94","174","187","95","183","51953","5","6"
"199","ビッグスロース","C","魔獣系","攻撃","3","50","268","71","224","182","106","148","7361","1","1"
"160","トドマン","C","魔獣系","攻撃","3","50","276","34","261","174","130","124","18237","1","28"
"281","ストーンマン","C","物質系","防御","3","50","297","74","206","241","97","76","4471","0","1"
"165","イノブタマン","C","魔獣系","攻撃","3","50","290","94","218","186","111","91","11262","0","0"
"601","メラリザード","C","ドラゴン系","攻撃","3","50","229","94","217","176","184","89","17517","2","3"
"271","チョコゴーレム","C","物質系","防御","3","50","275","90","194","218","91","120","4860","7","0"
"812","ハロウィンドラキー","C","悪魔系","魔法","3","1","182","117","174","160","182","163","5299","4","0"
"119","ひとくいそう","C","自然系","補助","3","50","273","74","207","164","122","134","14873","1","1"
"276","マカロンゴーレム","C","物質系","防御","3","50","265","75","210","224","88","112","4546","5","0"
"863","ビッグハット","C","物質系","魔法","3","50","262","97","134","209","120","146","20114","5","1"
"62","ソードドラゴン","C","ドラゴン系","攻撃","3","50","235","65","220","180","139","128","13293","2","2"
"234","ミャルジ","C","魔獣系","特殊","3","1","205","92","173","146","242","98","4607","1","0"
"164","アイアンブルドー","C","魔獣系","防御","3","50","188","62","210","220","144","127","20479","1","1"
"389","ハロウィンゴースト","C","ゾンビ系","補助","3","1","216","103","156","132","182","161","4322","2","0"
"58","ガメゴン","C","ドラゴン系","防御","3","50","207","119","157","245","92","111","12720","2","3"
"115","かりゅうそう","C","自然系","魔法","3","50","201","104","191","168","83","171","4392","5","0"
"719","モグラの子分","C","魔獣系","特殊","3","1","211","80","155","145","192","129","12100","4","0"
"236","ニャンデミト","C","魔獣系","特殊","3","1","207","119","161","151","90","183","4551","0","2"
"826","ジングルモーモン","C","悪魔系","攻撃","3","50","236","95","193","108","168","107","10178","12","2"
"813","パンプキッズ","C","悪魔系","攻撃","3","50","220","64","181","122","182","134","6319","3","0"
"264","ミミック","C","物質系","魔法","3","50","197","53","243","166","112","118","12854","3","1"
"55","ギャオース","C","ドラゴン系","攻撃","3","50","238","83","219","174","77","78","19257","2","4"
"44","ぶちスライムベス","C","スライム系","攻撃","3","50","182","82","161","129","183","129","5988","4","0"
"347","ベビル","D","悪魔系","攻撃","2","40","161","88","159","141","192","121","4708","2","1"
"393","ハロウィンマミー","C","ゾンビ系","攻撃","3","1","242","78","201","152","75","109","5885","3","0"
"661","ナスビナーラ","D","自然系","補助","2","40","164","80","132","139","178","117","15873","5","4"
"197","メイジももんじゃ","D","魔獣系","魔法","2","40","159","92","119","142","130","158","2364","5","0"
"306","ヌボーン","D","悪魔系","補助","2","40","212","65","138","158","64","150","7102","2","0"
"302","ドラキーマ","D","悪魔系","魔法","2","40","147","94","138","125","150","133","10502","2","1"
"176","オーク","D","魔獣系","補助","2","40","178","92","164","143","97","112","10493","1","2"
"224","キャットフライ","D","魔獣系","補助","2","40","154","75","128","139","168","117","6747","4","1"
"268","あくまのつぼ","D","物質系","攻撃","2","40","190","62","169","129","59","170","4199","6","0"
"212","しましまキャット","D","魔獣系","補助","2","40","159","76","148","123","191","75","6470","5","1"
"215","ねこまどう","D","魔獣系","魔法","2","40","162","92","142","132","82","162","4137","8","0"
"184","アルミラージ","D","魔獣系","攻撃","2","40","141","59","159","128","187","96","4185","0","0"
"630","シードラゴンズ","D","ドラゴン系","万能","2","40","179","75","148","126","103","138","12222","12","1"
"161","キラーパンサー","D","魔獣系","攻撃","2","40","158","44","167","126","192","79","11188","3","2"
"356","しりょうのきし","D","ゾンビ系","回復","2","40","181","82","144","129","111","117","5325","0","0"
"24","スライムタワー","D","スライム系","万能","2","40","172","71","152","126","131","112","14685","3","0"
"208","ラリホーン","D","魔獣系","補助","2","40","169","85","152","139","89","128","2282","1","0"
"554","しびれくらげ","D","スライム系","補助","2","40","157","84","139","103","187","92","7003","11","1"
"259","あくまの書","D","物質系","魔法","2","40","120","82","108","119","152","174","5279","2","0"
"138","うずしおキング","D","自然系","魔法","2","40","125","72","151","128","157","121","3904","3","0"
"263","ひとくいサーベル","D","物質系","攻撃","2","40","143","48","150","96","206","110","6690","3","1"
"52","いっかく竜","D","ドラゴン系","攻撃","2","40","166","50","171","139","151","73","6391","0","0"
"133","かえんムカデ","D","自然系","防御","2","40","160","75","128","168","91","126","7763","4","3"
"77","リザードキッズ","D","ドラゴン系","攻撃","2","40","167","64","166","129","166","54","6394","1","0"
"353","ナイトウイプス","D","ゾンビ系","攻撃","2","40","97","86","113","119","201","130","4308","0","1"
"190","ケムケムベス","D","魔獣系","補助","2","40","163","80","138","148","98","116","2775","2","0"
"254","フレイム","D","物質系","攻撃","2","40","130","70","128","149","155","106","4821","2","0"
"112","ビーンファイター","D","自然系","補助","2","40","133","50","122","142","180","110","6625","8","0"
"553","スライムかがみもち","A","スライム系","特殊","9","1","185","30","179","115","142","85","9510","8","5"
"60","アイアンタートル","D","ドラゴン系","防御","2","40","138","85","102","182","69","157","7654","2","3"
"145","トンネラー","D","自然系","防御","2","40","161","82","141","159","109","80","2968","6","0"
"273","エビルチャリオット","D","物質系","補助","2","40","156","65","151","150","110","97","10090","3","1"
"168","キラーピッケル","D","魔獣系","補助","2","40","142","73","149","140","128","94","4431","3","1"
"54","ドラゴン","D","ドラゴン系","攻撃","2","40","170","75","162","140","93","84","8756","2","0"
"14","はぐれメタル","B","スライム系","特殊","6","1","5","17","10","325","325","41","5278","6","0"
"178","キラーエイプ","D","魔獣系","攻撃","2","40","172","59","192","128","110","61","6780","4","6"
"9","エンゼルスライム","D","スライム系","回復","2","40","107","94","93","91","150","184","11134","7","1"
"308","サタンパピー","D","悪魔系","魔法","2","40","168","65","122","113","111","139","12402","1","4"
"352","スカルブレード","D","ゾンビ系","防御","2","40","110","84","117","126","192","89","7053","0","0"
"82","ピットバイパー","D","ドラゴン系","攻撃","2","40","168","80","159","124","121","66","2966","3","0"
"262","ゴーレム","D","物質系","防御","2","40","234","64","143","155","65","56","8555","4","1"
"179","ゴートドン","D","魔獣系","防御","2","40","146","61","134","157","83","133","5793","1","2"
"84","テラノライナー","D","ドラゴン系","攻撃","2","40","158","46","155","108","185","62","10439","3","0"
"316","スペクテット","D","悪魔系","魔法","2","40","162","90","112","122","97","130","4419","1","0"
"191","デザートきづち","D","魔獣系","攻撃","2","40","143","85","168","132","99","85","2747","3","0"
"136","たまねぎマン","D","自然系","補助","2","40","170","69","152","118","94","107","3408","1","3"
"18","ボックススライム","D","スライム系","魔法","2","40","153","66","104","137","111","132","4190","3","1"
"110","はさみくわがた","D","自然系","防御","2","40","149","48","162","165","76","103","3894","2","1"
"19","マリンスライム","D","スライム系","防御","2","40","132","78","82","163","80","168","3183","3","0"
"38","メタルブラザーズ","C","スライム系","特殊","3","1","5","18","10","312","318","36","12646","13","5"
"40","ゴールデントーテム","C","スライム系","特殊","3","1","5","18","10","312","318","36","24609","8","4"
"182","チョコももんじゃ","D","魔獣系","攻撃","2","40","166","76","131","122","124","80","2302","3","0"
"59","バトルレックス","D","ドラゴン系","攻撃","2","40","184","41","174","132","110","54","12821","1","1"
"198","デザートゴースト","D","魔獣系","攻撃","2","40","191","42","160","126","69","107","2870","3","0"
"194","サイおとこ","D","魔獣系","防御","2","40","161","54","157","161","73","87","6669","0","0"
"88","コドラ","D","ドラゴン系","補助","2","40","135","48","131","118","176","82","13687","6","1"
"336","ミニデーモン","D","悪魔系","魔法","2","40","146","51","140","128","117","103","4026","1","0"
"158","ブラウニー","D","魔獣系","攻撃","2","40","147","76","167","122","95","78","7043","11","0"
"175","グリズリー","D","魔獣系","攻撃","2","40","188","35","183","113","81","78","9413","4","0"
"135","ラリホーアント","D","自然系","攻撃","2","40","138","78","154","129","97","78","2719","3","0"
"8","スライムナイト","D","スライム系","万能","2","40","148","40","102","124","101","158","10418","11","0"
"232","ウニャ","D","魔獣系","特殊","2","1","138","71","124","103","169","61","5280","1","2"
"235","ミュベス","D","魔獣系","特殊","2","1","136","81","118","114","68","141","4229","0","0"
"256","ひとくい箱","D","物質系","補助","2","40","79","34","179","113","125","122","6957","0","0"
"124","キメラ","D","自然系","攻撃","2","40","133","51","86","95","152","128","5462","3","0"
"255","おどるほうせき","D","物質系","特殊","2","40","61","89","80","161","108","133","5019","3","0"
"10","メタルスライム","D","スライム系","特殊","2","1","5","10","9","300","300","6","4314","3","1"
"43","ぶちスライム","D","スライム系","攻撃","2","40","107","44","99","76","103","74","11901","11","1"
"305","グレムリン","E","悪魔系","万能","2","30","93","57","90","75","104","69","4682","1","0"
"351","がいこつ","E","ゾンビ系","攻撃","2","30","146","28","104","76","63","58","4679","0","2"
"5","スライムファング","E","スライム系","攻撃","2","30","103","27","101","84","99","55","8607","5","0"
"157","ビックアイ","E","魔獣系","万能","2","30","115","43","81","87","64","76","4021","2","0"
"107","テールイーター","E","自然系","攻撃","2","30","98","52","97","80","55","82","2952","2","1"
"56","たつのこナイト","E","ドラゴン系","万能","2","30","99","42","94","93","62","74","5349","1","1"
"116","オニオーン","E","自然系","補助","2","30","138","28","91","90","67","49","3180","0","0"
"319","ひとつめピエロ","E","悪魔系","魔法","2","30","84","70","64","60","82","101","4042","4","9"
"196","ダックスビル","E","魔獣系","補助","2","30","120","32","85","84","84","55","1962","1","0"
"109","じんめんちょう","E","自然系","補助","2","30","81","42","84","71","107","71","3060","1","1"
"156","ベビーパンサー","E","魔獣系","攻撃","2","30","100","36","98","63","117","41","6902","2","2"
"303","おおめだま","E","悪魔系","補助","2","30","107","60","84","74","59","69","5459","2","0"
"108","かまいたち","E","自然系","魔法","2","30","79","50","86","81","89","66","4779","1","0"
"252","わらいぶくろ","E","物質系","補助","2","30","99","21","67","74","97","90","3033","1","0"
"132","どくイモムシ","E","自然系","防御","2","30","96","56","74","98","45","77","1850","4","0"
"154","イエティ","E","魔獣系","攻撃","2","30","128","25","94","75","41","77","4661","0","0"
"144","あくまのす","E","自然系","防御","2","30","93","61","75","101","33","77","2492","2","0"
"275","ともしびこぞう","E","物質系","魔法","2","30","93","52","89","75","82","46","2118","2","1"
"207","ちんもくのひつじ","E","魔獣系","補助","2","30","97","47","86","72","52","82","4389","5","2"
"111","せみもぐら","E","自然系","防御","2","30","92","54","84","96","55","54","3351","5","0"
"105","あばれうしどり","E","自然系","攻撃","2","30","122","30","100","72","56","54","3427","1","0"
"155","キラースコップ","E","魔獣系","攻撃","2","30","95","36","99","78","74","47","3777","1","0"
"206","いっかくウサギ","E","魔獣系","攻撃","2","30","78","36","91","69","103","49","1927","1","0"
"2","スライムベス","E","スライム系","魔法","2","30","74","33","79","71","93","74","4616","1","0"
"83","フルスネイカー","E","ドラゴン系","攻撃","2","30","101","48","103","67","73","32","2310","3","1"
"6","スライムつむり","E","スライム系","補助","2","30","76","53","74","90","40","91","4058","1","0"
"23","リボンホイミン","E","スライム系","回復","2","30","78","71","62","59","73","81","3496","2","2"
"102","ぐんたいアリ","E","自然系","攻撃","2","30","88","36","84","71","84","52","3401","0","0"
"53","ダッシュラン","E","ドラゴン系","攻撃","2","30","95","20","96","74","92","34","7137","0","0"
"253","ブリザード","E","物質系","魔法","2","30","84","40","78","61","62","77","3988","2","0"
"7","スライムカルゴ","E","スライム系","防御","2","30","71","45","80","88","44","73","4057","0","0"
"272","チョコマドハンド","E","物質系","補助","2","30","88","48","87","66","60","52","2627","3","1"
"322","タホドラキー","E","悪魔系","魔法","2","30","83","46","58","53","86","71","3483","2","0"
"4","ホイミスライム","E","スライム系","回復","2","30","69","69","53","53","71","78","7214","3","1"
"304","ベビーサタン","E","悪魔系","魔法","2","30","79","18","84","80","67","64","5154","5","0"
"257","ゴールドマン","E","物質系","特殊","2","30","122","20","85","88","27","36","4651","2","1"
"331","チョコドラキー","F","悪魔系","魔法","2","20","65","28","69","69","72","65","2342","5","0"
"153","おおきづち","E","魔獣系","攻撃","2","30","83","34","98","66","48","38","6730","7","1"
"151","ももんじゃ","F","魔獣系","防御","2","20","92","24","65","64","64","42","3976","3","0"
"152","いたずらもぐら","F","魔獣系","攻撃","2","20","76","18","80","52","53","72","3553","3","1"
"101","キャタピラー","F","自然系","防御","2","20","78","32","62","75","33","61","3787","1","0"
"3","バブルスライム","F","スライム系","補助","2","20","65","33","67","59","71","42","4160","4","0"
"104","おおにわとり","F","自然系","攻撃","2","20","83","24","69","60","68","29","3866","2","0"
"335","つかいま","F","悪魔系","回復","2","20","72","26","68","54","68","41","2841","3","0"
"22","マシュマロスライム","F","スライム系","攻撃","2","20","66","18","69","60","65","51","3921","2","1"
"103","ミノーン","F","自然系","防御","2","20","70","37","55","80","24","57","3482","2","0"
"251","おばけキャンドル","F","物質系","魔法","2","20","71","34","61","57","63","34","3242","1","0"
"20","チョコスライム","F","スライム系","攻撃","2","20","59","18","61","60","65","51","3561","1","0"
"1","スライム","F","スライム系","攻撃","2","20","59","18","61","60","65","51","10923","28","1"
"301","ドラキー","F","悪魔系","魔法","2","20","53","23","56","56","66","53","9752","6","3"
"51","とさかへび","F","ドラゴン系","攻撃","2","20","77","26","74","48","56","24","4255","1","0"
"134","アイアンアント","F","自然系","攻撃","2","20","51","14","70","61","67","41","2670","2","1"
"431","ムドーエッグ","A","転生系","特殊","9","1","24","18","21","15","39","36","21895","8","8"
"425","プオーンエッグ","A","転生系","特殊","9","1","24","18","21","15","39","36","10036","2","3"
"426","超とくぎバイブル","S","悪魔系","特殊","18","1","24","18","21","15","39","36","17899","19","3"
"523","超吉ふくぶくろ","A","？？？系","特殊","9","1","24","18","21","15","39","36","12826","4","9"
"525","中吉ふくぶくろ","C","？？？系","特殊","3","1","24","18","21","15","39","36","1906","1","1"
"535","イエローオーブ","A","？？？系","特殊","9","1","24","18","21","15","39","36","5889","2","0"
"534","シルバーオーブ","A","？？？系","特殊","9","1","24","18","21","15","39","36","9389","4","1"
"533","パープルオーブ","A","？？？系","特殊","9","1","24","18","21","15","39","36","5470","3","1"
"416","ニジゴロン","A","転生系","特殊","9","1","24","18","21","15","39","36","51523","14","11"
"526","小吉ふくぶくろ","D","？？？系","特殊","2","1","24","18","21","15","39","36","1419","0","2"
"442","しんせいの宝玉","A","転生系","特殊","9","1","24","18","21","15","39","36","27608","15","6"
"532","グリーンオーブ","A","？？？系","特殊","9","1","24","18","21","15","39","36","4261","2","2"
"522","神吉ふくぶくろ","S","？？？系","特殊","18","1","24","18","21","15","39","36","32092","25","51"
"527","末吉ふくぶくろ","E","？？？系","特殊","2","1","24","18","21","15","39","36","1792","1","8"
"530","レッドオーブ","A","？？？系","特殊","9","1","24","18","21","15","39","36","7891","1","2"
"531","ブルーオーブ","A","？？？系","特殊","9","1","24","18","21","15","39","36","4931","2","5"
"430","不死鳥のたまご","A","転生系","特殊","9","1","24","18","21","15","39","36","16273","15","9"
"422","エンペラン","A","転生系","特殊","9","1","24","18","21","15","39","36","22310","13","17"
"432","ふしぎなたまご","A","転生系","特殊","9","1","24","18","21","15","39","36","37863","20","13"
"421","まおうのたまご","S","転生系","特殊","18","1","24","18","21","15","39","36","18642","19","23"
"524","大吉ふくぶくろ","B","？？？系","特殊","6","1","24","18","21","15","39","36","4425","4","2"
"423","ジェネラン","A","転生系","特殊","9","1","24","18","21","15","39","36","16376","9","59"
"420","超マスターエッグ","A","転生系","特殊","9","1","24","18","21","15","39","36","39699","13","2"
"418","マスターエッグ","A","転生系","特殊","9","1","24","18","21","15","39","36","36076","6","2"
"427","とくぎバイブル","A","悪魔系","特殊","9","1","24","18","18","12","39","36","18628","10","6"
"415","キングタマゴロン","B","転生系","特殊","6","1","22","16","19","14","36","33","98584","25","27"
"428","とくぎの秘伝書","B","悪魔系","特殊","6","1","22","16","16","11","38","34","21257","6","32"
"413","くまゴロン","C","転生系","特殊","3","1","20","15","18","13","33","31","19669","3","3"
"412","ドラゴンエッグ","C","転生系","特殊","3","1","20","15","18","13","33","31","22671","6","1"
"411","デビルエッグ","C","転生系","特殊","3","1","20","15","18","13","33","31","39684","14","6"
"410","タマゴーレム","C","転生系","特殊","3","1","20","15","18","13","33","31","33022","10","3"
"409","リーフエッグ","C","転生系","特殊","3","1","20","15","18","13","33","31","33921","10","2"
"408","ワンダーエッグ","C","転生系","特殊","3","1","20","15","18","13","33","31","23657","8","4"
"424","パンサーエッグ","C","転生系","特殊","3","1","20","15","18","13","33","31","7245","5","3"
"414","ホネゴロン","C","転生系","特殊","3","1","20","15","18","13","33","31","28793","6","0"
"443","バギの呪文書","C","悪魔系","特殊","3","1","20","15","15","10","35","32","3294","5","2"
"433","ヒャドの呪文書","C","悪魔系","特殊","3","1","20","15","15","10","35","32","14088","3","1"
"429","メラの呪文書","C","悪魔系","特殊","3","1","20","15","15","10","35","32","51313","15","5"
"435","しんせいの竜玉","S","転生系","特殊","18","1","28","19","26","18","14","20","13017","3","4"
"440","しんせいの霊玉","S","転生系","特殊","18","1","28","19","26","18","14","20","10157","1","0"
"434","しんせいの蒼玉","S","転生系","特殊","18","1","28","19","26","18","14","20","10806","3","6"
"441","しんせいの覇玉","S","転生系","特殊","18","1","28","19","26","18","14","20","27377","8","10"
"437","しんせいの獣玉","S","転生系","特殊","18","1","28","19","26","18","14","20","6250","2","1"
"439","しんせいの闇玉","S","転生系","特殊","18","1","28","19","26","18","14","20","6375","2","0"
"438","しんせいの鋼玉","S","転生系","特殊","18","1","28","19","26","18","14","20","9471","0","1"
"436","しんせいの翠玉","S","転生系","特殊","18","1","28","19","26","18","14","20","6862","1","1"
"401","タマゴロン","D","転生系","特殊","2","1","19","14","16","12","31","28","11853","3","1"
"402","ツリーエッグ","D","転生系","特殊","2","1","19","14","16","12","31","28","16631","1","1"
"403","メカタマゴロン","D","転生系","特殊","2","1","19","14","16","12","31","28","21842","5","1"
"404","ゴーストエッグ","D","転生系","特殊","2","1","19","14","16","12","31","28","20084","4","3"
"405","リザードエッグ","D","転生系","特殊","2","1","19","14","16","12","31","28","17250","1","1"
"406","キバゴロン","D","転生系","特殊","2","1","19","14","16","12","31","28","23053","4","3"
"407","どくゴロン","D","転生系","特殊","2","1","19","14","16","12","31","28","18051","3","3"
