"skill_type","skill","monster"
"攻撃呪文","メラ (消費MP:3)","かりゅうそう"
"攻撃呪文","メラ (消費MP:3)","ベレス"
"攻撃呪文","メラ (消費MP:3)","メラリザード"
"攻撃呪文","メラ (消費MP:3)","メラの呪文書"
"攻撃呪文","メラ (消費MP:3)","メタルスライム"
"攻撃呪文","メラ (消費MP:3)","ボックススライム"
"攻撃呪文","メラ (消費MP:3)","ねこまどう"
"攻撃呪文","メラ (消費MP:3)","ともしびこぞう"
"攻撃呪文","メラ (消費MP:3)","ベビーサタン"
"攻撃呪文","メラ (消費MP:3)","スライムベス"
"攻撃呪文","メラ (消費MP:3)","おばけキャンドル"
"攻撃呪文","メラミ (消費MP:8)","モリーサタン"
"攻撃呪文","メラミ (消費MP:8)","王女マージュ"
"攻撃呪文","メラミ (消費MP:8)","じごくのつかい"
"攻撃呪文","メラミ (消費MP:8)","マージガール"
"攻撃呪文","メラミ (消費MP:8)","メッサーラ"
"攻撃呪文","メラミ (消費MP:8)","レッドオーブ"
"攻撃呪文","メラミ (消費MP:8)","メタルゴースト"
"攻撃呪文","メラミ (消費MP:8)","ベロニャーゴ"
"攻撃呪文","メラミ (消費MP:8)","ベンガルクーン"
"攻撃呪文","メラミ (消費MP:8)","炎の戦士"
"攻撃呪文","メラミ (消費MP:8)","グレイトホーン"
"攻撃呪文","メラミ (消費MP:8)","じごくのもんばん"
"攻撃呪文","メラミ (消費MP:8)","じごくのピエロ"
"攻撃呪文","メラミ (消費MP:8)","ぶちスライムベス"
"攻撃呪文","メラミ (消費MP:8)","ゴールデントーテム"
"攻撃呪文","メラミ (消費MP:8)","ミミック"
"攻撃呪文","メラミ (消費MP:8)","メラの呪文書"
"攻撃呪文","メラミ (消費MP:8)","サタンパピー"
"攻撃呪文","メラミ (消費MP:8)","ミニデーモン"
"攻撃呪文","メラミ (消費MP:8)","ベビーサタン"
"攻撃呪文","ギラ (消費MP:11)","はぐれメタル"
"攻撃呪文","ギラ (消費MP:11)","まじゅつし"
"攻撃呪文","ギラ (消費MP:11)","ベレス"
"攻撃呪文","ギラ (消費MP:11)","グレムリン"
"攻撃呪文","ベギラマ (消費MP:31)","キングレオ"
"攻撃呪文","ベギラマ (消費MP:31)","デビルロード"
"攻撃呪文","ベギラマ (消費MP:31)","りゅうおう"
"攻撃呪文","ベギラマ (消費MP:31)","ガルーダ"
"攻撃呪文","ベギラマ (消費MP:31)","デビルプリンス"
"攻撃呪文","ベギラマ (消費MP:31)","からあげサタン"
"攻撃呪文","ベギラマ (消費MP:31)","イエローオーブ"
"攻撃呪文","ベギラマ (消費MP:31)","バルザックビースト"
"攻撃呪文","ベギラマ (消費MP:31)","なげきのぼうれい"
"攻撃呪文","ベギラマ (消費MP:31)","ストーンビースト"
"攻撃呪文","ベギラマ (消費MP:31)","ヒートギズモ"
"攻撃呪文","ベギラマ (消費MP:31)","ダークナイト"
"攻撃呪文","ベギラマ (消費MP:31)","プテラノドン"
"攻撃呪文","ベギラマ (消費MP:31)","デススパーク"
"攻撃呪文","ベギラマ (消費MP:31)","メイジドラキー"
"攻撃呪文","ベギラマ (消費MP:31)","ハロウィンゴースト"
"攻撃呪文","ベギラマ (消費MP:31)","ベビル"
"攻撃呪文","イオ (消費MP:13)","ジャガーメイジ"
"攻撃呪文","イオ (消費MP:13)","ビッグハット"
"攻撃呪文","イオ (消費MP:13)","あくまの書"
"攻撃呪文","イオ (消費MP:13)","スペクテット"
"攻撃呪文","イオ (消費MP:13)","スライムタワー"
"攻撃呪文","イオ (消費MP:13)","メイジももんじゃ"
"攻撃呪文","イオ (消費MP:13)","ドラキーマ"
"攻撃呪文","イオラ (消費MP:37)","グランスライム"
"攻撃呪文","イオラ (消費MP:37)","バルバロッサ"
"攻撃呪文","イオラ (消費MP:37)","死神の騎士"
"攻撃呪文","イオラ (消費MP:37)","ヘルバトラー"
"攻撃呪文","イオラ (消費MP:37)","ベリアル"
"攻撃呪文","イオラ (消費MP:37)","ハーゴン"
"攻撃呪文","イオラ (消費MP:37)","アークデーモン"
"攻撃呪文","イオラ (消費MP:37)","スライムジェネラル"
"攻撃呪文","イオラ (消費MP:37)","キマライガー"
"攻撃呪文","イオラ (消費MP:37)","キマイラロード"
"攻撃呪文","イオラ (消費MP:37)","きとうし"
"攻撃呪文","イオラ (消費MP:37)","レッサーデーモン"
"攻撃呪文","イオラ (消費MP:37)","Vスライムナイト"
"攻撃呪文","イオラ (消費MP:37)","デーモンレスラー"
"攻撃呪文","イオラ (消費MP:37)","だいあくまの書"
"攻撃呪文","ヒャド (消費MP:4)","ヒャドの呪文書"
"攻撃呪文","ヒャド (消費MP:4)","マリンスライム"
"攻撃呪文","ヒャド (消費MP:4)","ケムケムベス"
"攻撃呪文","ヒャド (消費MP:4)","メイジももんじゃ"
"攻撃呪文","ヒャド (消費MP:4)","スライムつむり"
"攻撃呪文","ヒャド (消費MP:4)","イエティ"
"攻撃呪文","ヒャダルコ (消費MP:29)","バルザック"
"攻撃呪文","ヒャダルコ (消費MP:29)","ヘルビースト"
"攻撃呪文","ヒャダルコ (消費MP:29)","リバイアさま"
"攻撃呪文","ヒャダルコ (消費MP:29)","アンクルホーン"
"攻撃呪文","ヒャダルコ (消費MP:29)","フロストギズモ"
"攻撃呪文","ヒャダルコ (消費MP:29)","シャドーサタン"
"攻撃呪文","ヒャダルコ (消費MP:29)","ブルーオーブ"
"攻撃呪文","ヒャダルコ (消費MP:29)","ブリザードマン"
"攻撃呪文","ヒャダルコ (消費MP:29)","キングマーマン"
"攻撃呪文","ヒャダルコ (消費MP:29)","Vプリズニャン"
"攻撃呪文","ヒャダルコ (消費MP:29)","ヘルダイバー"
"攻撃呪文","ヒャダルコ (消費MP:29)","シャドー"
"攻撃呪文","ヒャダルコ (消費MP:29)","プリズニャン"
"攻撃呪文","ヒャダルコ (消費MP:29)","ヒャドの呪文書"
"攻撃呪文","ヒャダルコ (消費MP:29)","うずしおキング"
"攻撃呪文","バギ (消費MP:9)","プレミアムスライム"
"攻撃呪文","バギ (消費MP:9)","メタルブラザーズ"
"攻撃呪文","バギ (消費MP:9)","バギの呪文書"
"攻撃呪文","バギ (消費MP:9)","キラーパンサー"
"攻撃呪文","バギ (消費MP:9)","かまいたち"
"攻撃呪文","バギ (消費MP:9)","タホドラキー"
"攻撃呪文","バギマ (消費MP:26)","ワイトキング"
"攻撃呪文","バギマ (消費MP:26)","グリーンオーブ"
"攻撃呪文","バギマ (消費MP:26)","エビルホーク"
"攻撃呪文","バギマ (消費MP:26)","カプリゴン"
"攻撃呪文","バギマ (消費MP:26)","ガーゴイル"
"攻撃呪文","バギマ (消費MP:26)","ナイトキャット"
"攻撃呪文","バギマ (消費MP:26)","レッドサイクロン"
"攻撃呪文","バギマ (消費MP:26)","ハロウィンドラキー"
"攻撃呪文","バギマ (消費MP:26)","バギの呪文書"
"攻撃呪文","デイン (消費MP:4)","ゴートドン"
"攻撃呪文","デイン (消費MP:4)","いっかくウサギ"
"攻撃呪文","ライデイン (消費MP:11)","聖竜ミラクレア"
"攻撃呪文","ライデイン (消費MP:11)","レジェンドホーン"
"攻撃呪文","ライデイン (消費MP:11)","シルバーデビル"
"攻撃呪文","ライデイン (消費MP:11)","ヒロインガール"
"攻撃呪文","ライデイン (消費MP:11)","パープルオーブ"
"攻撃呪文","ライデイン (消費MP:11)","メタルバニー"
"攻撃呪文","ライデイン (消費MP:11)","ガルーダ"
"攻撃呪文","ライデイン (消費MP:11)","くもの大王"
"攻撃呪文","ライデイン (消費MP:11)","グレイトホーン"
"攻撃呪文","ライデイン (消費MP:11)","海竜"
"攻撃呪文","ギガデイン (消費MP:24)","ハヌマーン"
"攻撃呪文","ギガデイン (消費MP:24)","マガルギ"
"攻撃呪文","ギガデイン (消費MP:24)","ダイヤモンドスライム"
"攻撃呪文","ギガデイン (消費MP:24)","ライオネック"
"攻撃呪文","ギガデイン (消費MP:24)","ドラン"
"攻撃呪文","ドルマ (消費MP:5)","デーモンレスラー"
"攻撃呪文","ドルマ (消費MP:5)","しにがみ"
"攻撃呪文","ドルマ (消費MP:5)","パンプキッズ"
"攻撃呪文","ドルマ (消費MP:5)","ドラキー"
"攻撃呪文","ドルマ (消費MP:5)","チョコドラキー"
"攻撃呪文","ドルクマ (消費MP:14)","デスプリースト"
"攻撃呪文","ドルクマ (消費MP:14)","ダークキング"
"攻撃呪文","ドルクマ (消費MP:14)","ローズバトラー"
"攻撃呪文","ドルクマ (消費MP:14)","妖女イシュダル"
"攻撃呪文","ドルクマ (消費MP:14)","ホロゴースト"
"攻撃呪文","ドルクマ (消費MP:14)","マジカルハット"
"攻撃呪文","ドルクマ (消費MP:14)","メタルドラキー"
"攻撃呪文","ドルクマ (消費MP:14)","死神きぞく"
"攻撃呪文","ドルクマ (消費MP:14)","スカルゴン"
"攻撃呪文","ドルクマ (消費MP:14)","ようじゅつし"
"攻撃呪文","ドルクマ (消費MP:14)","ネクロマンサー"
"攻撃呪文","ドルクマ (消費MP:14)","おおドラキー"
"攻撃呪文","ドルクマ (消費MP:14)","デスマエストロ"
"攻撃呪文","ドルクマ (消費MP:14)","魔王の書"
"攻撃呪文","ドルクマ (消費MP:14)","じごくのもんばん"
"攻撃呪文","ドルクマ (消費MP:14)","アロダイタス"
"攻撃呪文","ドルクマ (消費MP:14)","ベンガルクーン"
"攻撃呪文","ドルクマ (消費MP:14)","モーモン"
"攻撃呪文","ドルクマ (消費MP:14)","ハロウィンマミー"
"攻撃呪文","メラゾーマ (消費MP:19)","竜王"
"攻撃呪文","メラゾーマ (消費MP:19)","バラモス"
"攻撃呪文","メラゾーマ (消費MP:19)","オムド・ロレス"
"攻撃呪文","メラゾーマ (消費MP:19)","ミルドラース"
"攻撃呪文","メラゾーマ (消費MP:19)","ゲマ"
"攻撃呪文","メラゾーマ (消費MP:19)","ダークサタン"
"攻撃呪文","メラゾーマ (消費MP:19)","悪魔ザイガス"
"攻撃呪文","メラゾーマ (消費MP:19)","アモデウス"
"攻撃呪文","メラゾーマ (消費MP:19)","魔王の使い"
"攻撃呪文","メラゾーマ (消費MP:19)","メラの呪文書"
"攻撃呪文","ドルモーア (消費MP:33)","メタルカイザー"
"攻撃呪文","ドルモーア (消費MP:33)","破壊神シドー"
"攻撃呪文","ドルモーア (消費MP:33)","新生転生デスプリースト"
"攻撃呪文","ドルモーア (消費MP:33)","ダークファンタズマ"
"攻撃呪文","ドルモーア (消費MP:33)","エビルトレント"
"攻撃呪文","ドルモーア (消費MP:33)","ダーククリスタル"
"攻撃呪文","ドルモーア (消費MP:33)","魔戦士アルゴ"
"攻撃呪文","ドルモーア (消費MP:33)","ゲルニック将軍"
"攻撃呪文","ドルモーア (消費MP:33)","アクバー"
"攻撃呪文","ドルモーア (消費MP:33)","新生転生ゲマ"
"攻撃呪文","イオナズン (消費MP:88)","大魔王デスタムーア"
"攻撃呪文","イオナズン (消費MP:88)","デーモンキング"
"攻撃呪文","イオナズン (消費MP:88)","バラモスブロス"
"攻撃呪文","イオナズン (消費MP:88)","大魔王ミルドラース"
"攻撃呪文","イオナズン (消費MP:88)","デスカイザー"
"攻撃呪文","イオナズン (消費MP:88)","モリーサタン"
"攻撃呪文","イオナズン (消費MP:88)","新生転生ベリアル"
"攻撃呪文","マヒャド (消費MP:69)","セルゲイナス"
"攻撃呪文","マヒャド (消費MP:69)","クイーンスライム"
"攻撃呪文","マヒャド (消費MP:69)","ヘルヴィーナス"
"攻撃呪文","マヒャド (消費MP:69)","大魔王ゾーマ"
"攻撃呪文","マヒャド (消費MP:69)","グラコス"
"攻撃呪文","マヒャド (消費MP:69)","ヒャドの呪文書"
"攻撃呪文","ハロウィントリック (消費MP:31)","ハッピーハロウィン"
"攻撃呪文","ハロウィントリック (消費MP:31)","パンプキング"
"攻撃呪文","べギラゴン (消費MP:74)","大魔王ミルドラース"
"攻撃呪文","べギラゴン (消費MP:74)","はめつの使者"
"攻撃呪文","べギラゴン (消費MP:74)","新生転生竜王"
"攻撃呪文","べギラゴン (消費MP:74)","魔戦士サイフォン"
"攻撃呪文","サイコキャノン (消費MP:35)","闇の大魔王ゾーマ"
"攻撃呪文","サイコキャノン (消費MP:35)","ゾーマズデビル"
"攻撃呪文","サイコキャノン (消費MP:35)","サイコマスター"
"攻撃呪文","バギクロス (消費MP:62)","邪眼皇帝アウルート"
"攻撃呪文","バギクロス (消費MP:62)","ゲリュオン"
"攻撃呪文","バギクロス (消費MP:62)","ランプの魔王"
"攻撃呪文","バギクロス (消費MP:62)","サイコマスター"
"攻撃呪文","バギクロス (消費MP:62)","新生転生バズズ"
"攻撃呪文","バギクロス (消費MP:62)","バギの呪文書"
"攻撃呪文","メラガイアー (消費MP:40)","新生転生竜王"
"攻撃呪文","メラガイアー (消費MP:40)","メラの呪文書"
"攻撃呪文","イオグランデ (消費MP:167)","新生転生破壊神シドー"
"攻撃呪文","ドルマドン (消費MP:54)","新生転生2破壊神シドー"
"特殊呪文","ザキ (消費MP:14)","フライングデス"
"特殊呪文","ザキ (消費MP:14)","なげきのぼうれい"
"特殊呪文","ザキ (消費MP:14)","デビルプリンス"
"特殊呪文","ザキ (消費MP:14)","ホークブリザード"
"特殊呪文","ザキ (消費MP:14)","オークキング"
"特殊呪文","ザキ (消費MP:14)","だいあくまの書"
"特殊呪文","ザキ (消費MP:14)","オーガヘッド"
"特殊呪文","ザキ (消費MP:14)","あくまのつぼ"
"特殊呪文","ザキ (消費MP:14)","あくまの書"
"特殊呪文","ザラキ (消費MP:28)","魔王の書"
"特殊呪文","ザラキ (消費MP:28)","ミミック"
"特殊呪文","プチマダンテ (消費MP:残MP1/10)","ゴールデンスライム"
"特殊呪文","プチマダンテ (消費MP:残MP1/10)","ディアノーグエース"
"特殊呪文","プチマダンテ (消費MP:残MP1/10)","クラウンヘッド"
"特殊呪文","マダンテ (消費MP:全消費)","ドメディ"
"特殊呪文","ザラキーマ (消費MP:56)","ゴールデンボックス"
"回復呪文","ホイミ (消費MP:5)","ホミロン"
"回復呪文","ホイミ (消費MP:5)","ヘルコンドル"
"回復呪文","ホイミ (消費MP:5)","ベホマスライム"
"回復呪文","ホイミ (消費MP:5)","メイジキメラ"
"回復呪文","ホイミ (消費MP:5)","ゴールドオーク"
"回復呪文","ホイミ (消費MP:5)","スライムナイト"
"回復呪文","ホイミ (消費MP:5)","エンゼルスライム"
"回復呪文","ホイミ (消費MP:5)","しりょうのきし"
"回復呪文","ホイミ (消費MP:5)","ホイミスライム"
"回復呪文","ホイミ (消費MP:5)","リボンホイミン"
"回復呪文","ホイミ (消費MP:5)","たつのこナイト"
"回復呪文","ホイミ (消費MP:5)","ビックアイ"
"回復呪文","ホイミ (消費MP:5)","グレムリン"
"回復呪文","ホイミ (消費MP:5)","つかいま"
"回復呪文","ベホイミ (消費MP:14)","りゅうおう"
"回復呪文","ベホイミ (消費MP:14)","サイモン＆ホイミン"
"回復呪文","ベホイミ (消費MP:14)","ハナちゃん"
"回復呪文","ベホイミ (消費MP:14)","黒騎士レオコーン"
"回復呪文","ベホイミ (消費MP:14)","ローズダンス"
"回復呪文","ベホイミ (消費MP:14)","じごくのつかい"
"回復呪文","ベホイミ (消費MP:14)","バル"
"回復呪文","ベホイミ (消費MP:14)","プリストガール"
"回復呪文","ベホイミ (消費MP:14)","シルバーオーブ"
"回復呪文","ベホイミ (消費MP:14)","グレンデル"
"回復呪文","ベホイミ (消費MP:14)","アイスビックル"
"回復呪文","ベホイミ (消費MP:14)","王女マージュ"
"回復呪文","ベホイミ (消費MP:14)","スターキメラ"
"回復呪文","ベホイミ (消費MP:14)","プチさまようよろい"
"回復呪文","ベホイミ (消費MP:14)","プリーストナイト"
"回復呪文","ベホイミ (消費MP:14)","ケンタラウス"
"回復呪文","ベホイミ (消費MP:14)","モーモン"
"回復呪文","ベホイミ (消費MP:14)","わかめおうじ"
"回復呪文","ベホイミ (消費MP:14)","ヘルコンドル"
"回復呪文","ベホイミ (消費MP:14)","ボーンナイト"
"回復呪文","ベホイミ (消費MP:14)","ベホマスライム"
"回復呪文","ベホイミ (消費MP:14)","シードラゴンズ"
"回復呪文","ベホマラー (消費MP:65)","ランプの魔王"
"回復呪文","ベホマラー (消費MP:65)","クインガルハート"
"回復呪文","ベホマラー (消費MP:65)","スライムファミリー"
"回復呪文","ベホマラー (消費MP:65)","ドラゴメタル"
"回復呪文","ベホマラー (消費MP:65)","ごくらくちょう"
"回復呪文","ベホマラー (消費MP:65)","クインローズ"
"回復呪文","ベホマラー (消費MP:65)","聖竜ミラクレア"
"回復呪文","ベホマラー (消費MP:65)","エグドラシル"
"回復呪文","ベホマラー (消費MP:65)","イズライール"
"回復呪文","ベホマラー (消費MP:65)","ホミロン"
"回復呪文","ベホマラー (消費MP:65)","スライムエンペラー"
"回復呪文","ベホマラー (消費MP:65)","モヒカント"
"回復呪文","ベホマラー (消費MP:65)","ユニコーン"
"回復呪文","ベホマラー (消費MP:65)","スライムベホマズン"
"回復呪文","ベホマラー (消費MP:65)","はしりとかげ"
"回復呪文","ベホマラー (消費MP:65)","ライムスライム"
"回復呪文","ベホマラー (消費MP:65)","ぶちベホマラー"
"回復呪文","ベホマラー (消費MP:65)","キングスライム"
"回復呪文","ザオラル (消費MP:40)","プリストガール"
"回復呪文","ザオラル (消費MP:40)","ネクロマンサー"
"回復呪文","ザオラル (消費MP:40)","ナイトリッチ"
"回復呪文","ザオラル (消費MP:40)","オークキング"
"回復呪文","ザオラル (消費MP:40)","デザートデーモン"
"回復呪文","ザオラル (消費MP:40)","キングスライム"
"回復呪文","ザオリク (消費MP:120)","デスプリースト"
"回復呪文","ザオリク (消費MP:120)","デーモンキング"
"回復呪文","ザオリク (消費MP:120)","ダイヤモンドスライム"
"回復呪文","ザオリク (消費MP:120)","あくましんかん"
"回復呪文","ザオリク (消費MP:120)","レジェンドホーン"
"回復呪文","ザオリク (消費MP:120)","ハナちゃん"
"回復呪文","ザオリク (消費MP:120)","エビルソーサラー"
"回復呪文","ザオリク (消費MP:120)","スライムベホマズン"
"回復呪文","キアリー (消費MP:6)","キメラ"
"回復呪文","キアリー (消費MP:6)","スライムカルゴ"
"回復呪文","ハロウィントリート (消費MP:50)","ハッピーハロウィン"
"回復呪文","マホヤル (消費MP:30)","カンダタシュガー"
"回復呪文","マホヤル (消費MP:30)","パペットマン"
"回復呪文","ベホマズン (消費MP:200)","トワイライトメア"
"回復呪文","ベホマ (消費MP:42)","新生転生ごくらくちょう"
"補助アップ呪文","バイキルト (消費MP:16)","オリハルゴン"
"補助アップ呪文","バイキルト (消費MP:16)","ローズバトラー"
"補助アップ呪文","バイキルト (消費MP:16)","カンダタこぶん"
"補助アップ呪文","バイキルト (消費MP:16)","デュラハーン"
"補助アップ呪文","バイキルト (消費MP:16)","ようじゅつし"
"補助アップ呪文","バイキルト (消費MP:16)","きりさきピエロ"
"補助アップ呪文","バイキルト (消費MP:16)","ダンビラムーチョ"
"補助アップ呪文","バイキルト (消費MP:16)","ブラッドソード"
"補助アップ呪文","バイキルト (消費MP:16)","りゅうせんし"
"補助アップ呪文","バイキルト (消費MP:16)","ビーンファイター"
"補助アップ呪文","バイキルト (消費MP:16)","スカルブレード"
"補助アップ呪文","スカラ (消費MP:6)","ヘルガーディアン"
"補助アップ呪文","スカラ (消費MP:6)","まかいファイター"
"補助アップ呪文","スカラ (消費MP:6)","かぶとこぞう"
"補助アップ呪文","スカラ (消費MP:6)","デンタザウルス"
"補助アップ呪文","スカラ (消費MP:6)","サタンパピー"
"補助アップ呪文","スカラ (消費MP:6)","しりょうのきし"
"補助アップ呪文","スカラ (消費MP:6)","あくまのす"
"補助アップ呪文","スカラ (消費MP:6)","キャタピラー"
"補助アップ呪文","スクルト (消費MP:24)","バザックス"
"補助アップ呪文","スクルト (消費MP:24)","さそりアーマー"
"補助アップ呪文","スクルト (消費MP:24)","ブルファング"
"補助アップ呪文","スクルト (消費MP:24)","ラムポーン"
"補助アップ呪文","スクルト (消費MP:24)","こうてつまじん"
"補助アップ呪文","スクルト (消費MP:24)","ボル"
"補助アップ呪文","スクルト (消費MP:24)","ストーンビースト"
"補助アップ呪文","スクルト (消費MP:24)","デザートデーモン"
"補助アップ呪文","スクルト (消費MP:24)","ガメゴンロード"
"補助アップ呪文","スクルト (消費MP:24)","かぶとこぞう"
"補助アップ呪文","スクルト (消費MP:24)","きとうし"
"補助アップ呪文","スクルト (消費MP:24)","マカロンゴーレム"
"補助アップ呪文","スクルト (消費MP:24)","ライノソルジャー"
"補助アップ呪文","スクルト (消費MP:24)","ビッグスロース"
"補助アップ呪文","スクルト (消費MP:24)","トンネラー"
"補助アップ呪文","スクルト (消費MP:24)","マリンスライム"
"補助アップ呪文","スクルト (消費MP:24)","ケムケムベス"
"補助アップ呪文","スクルト (消費MP:24)","エビルチャリオット"
"補助アップ呪文","ピオラ (消費MP:6)","オニオーン"
"補助アップ呪文","ピオリム (消費MP:24)","さそりアーマー"
"補助アップ呪文","ピオリム (消費MP:24)","ブル"
"補助アップ呪文","ピオリム (消費MP:24)","ライムスライム"
"補助アップ呪文","ピオリム (消費MP:24)","デンタザウルス"
"補助アップ呪文","ピオリム (消費MP:24)","メタルハンター"
"補助アップ呪文","ピオリム (消費MP:24)","ドラゴスライム"
"補助アップ呪文","ピオリム (消費MP:24)","ビーンファイター"
"補助アップ呪文","ピオリム (消費MP:24)","オーク"
"補助アップ呪文","ピオリム (消費MP:24)","エンゼルスライム"
"補助アップ呪文","ピオリム (消費MP:24)","コドラ"
"補助アップ呪文","ピオリム (消費MP:24)","ラリホーアント"
"補助アップ呪文","ピオリム (消費MP:24)","トンネラー"
"補助アップ呪文","マホカンタ (消費MP:25)","ブラックドラゴン"
"補助アップ呪文","マホカンタ (消費MP:25)","あくましんかん"
"補助アップ呪文","マホカンタ (消費MP:25)","スライダークボディ"
"補助アップ呪文","マホカンタ (消費MP:25)","アイスビックル"
"補助アップ呪文","マホカンタ (消費MP:25)","キマイラロード"
"補助アップ呪文","マホカンタ (消費MP:25)","スライムエンペラー"
"補助アップ呪文","マホカンタ (消費MP:25)","ウイングタイガー"
"補助アップ呪文","マホカンタ (消費MP:25)","ガメゴンロード"
"補助アップ呪文","マホカンタ (消費MP:25)","ライノスキング"
"補助アップ呪文","マホカンタ (消費MP:25)","くもの大王"
"補助アップ呪文","マホカンタ (消費MP:25)","アイアンタートル"
"補助アップ呪文","フバーハ (消費MP:16)","メタルスコーピオン"
"補助アップ呪文","フバーハ (消費MP:16)","ヘルミラージュ"
"補助アップ呪文","フバーハ (消費MP:16)","王子グールー"
"補助アップ呪文","フバーハ (消費MP:16)","ガメゴンレジェンド"
"補助アップ呪文","バーハ (消費MP:8)","マンモデウス"
"補助アップ呪文","マジックバリア (消費MP:16)","スライムマデュラ"
"補助アップ呪文","マジックバリア (消費MP:16)","スラキャンサー"
"補助アップ呪文","マジックバリア (消費MP:16)","悪魔ザイガス"
"補助アップ呪文","マジックバリア (消費MP:16)","マージガール"
"補助アップ呪文","バイシオン (消費MP:36)","新生転生ヘルガーディアン"
"補助アップ呪文","バイシオン (消費MP:36)","クインローズ"
"補助アップ呪文","バイシオン (消費MP:36)","ヒロインガール"
"補助アップ呪文","バイシオン (消費MP:36)","マリンデュエル"
"補助アップ呪文","マインドバリア (消費MP:30)","グランスライム"
"補助アップ呪文","マインドバリア (消費MP:30)","ゴールデンゴーレム"
"補助アップ呪文","マインドバリア (消費MP:30)","ダークホビット"
"補助アップ呪文","魔力かくせい (消費MP:16)","デスカイザー"
"補助アップ呪文","魔力かくせい (消費MP:16)","ゲマ"
"補助アップ呪文","魔力かくせい (消費MP:16)","おおドラキー"
"補助アップ呪文","パルプンギフト (消費MP:36)","ギフトボックス"
"補助アップ呪文","インテラ (消費MP:18)","ダークサタン"
"補助アップ呪文","マホターン (消費MP:48)","舞踏魔プレシアンナ"
"補助アップ呪文","マホターン (消費MP:48)","デビルパピヨン"
"補助アップ呪文","ダメージバリア (消費MP:40)","げんじかぶと"
"補助ダウン呪文","ルカニ (消費MP:6)","タイガーランス"
"補助ダウン呪文","ルカニ (消費MP:6)","ライノソルジャー"
"補助ダウン呪文","ルカニ (消費MP:6)","オーク"
"補助ダウン呪文","ルカニ (消費MP:6)","ダックスビル"
"補助ダウン呪文","ルカニ (消費MP:6)","とさかへび"
"補助ダウン呪文","ルカナン (消費MP:18)","ギガデーモン"
"補助ダウン呪文","ルカナン (消費MP:18)","がいこつけんし"
"補助ダウン呪文","ルカナン (消費MP:18)","ボーンファイター"
"補助ダウン呪文","ルカナン (消費MP:18)","ボーンナイト"
"補助ダウン呪文","ルカナン (消費MP:18)","レッサーデーモン"
"補助ダウン呪文","ルカナン (消費MP:18)","シュプリンガー"
"補助ダウン呪文","ルカナン (消費MP:18)","じごくのたまねぎ"
"補助ダウン呪文","ルカナン (消費MP:18)","かげのきし"
"補助ダウン呪文","ルカナン (消費MP:18)","おどるほうせき"
"補助ダウン呪文","ボミエ (消費MP:6)","ミノーン"
"補助ダウン呪文","ボミオス (消費MP:18)","キャットバット"
"補助ダウン呪文","ボミオス (消費MP:18)","ゴートドン"
"補助ダウン呪文","ボミオス (消費MP:18)","ヌボーン"
"補助ダウン呪文","ラリホー (消費MP:8)","メイジキメラ"
"補助ダウン呪文","ラリホー (消費MP:8)","はさみくわがた"
"補助ダウン呪文","ラリホー (消費MP:8)","ラリホーン"
"補助ダウン呪文","ラリホー (消費MP:8)","ドラキーマ"
"補助ダウン呪文","ラリホー (消費MP:8)","スライムつむり"
"補助ダウン呪文","ラリホー (消費MP:8)","リボンホイミン"
"補助ダウン呪文","ラリホーマ (消費MP:24)","ヘルクラウダー"
"補助ダウン呪文","ラリホーマ (消費MP:24)","マミー"
"補助ダウン呪文","ラリホーマ (消費MP:24)","ダースドラゴン"
"補助ダウン呪文","ラリホーマ (消費MP:24)","ナイトキャット"
"補助ダウン呪文","ラリホーマ (消費MP:24)","ベロニャーゴ"
"補助ダウン呪文","ラリホーマ (消費MP:24)","ラリホービートル"
"補助ダウン呪文","ラリホーマ (消費MP:24)","ダークホーン"
"補助ダウン呪文","ラリホーマ (消費MP:24)","ひとくいそう"
"補助ダウン呪文","ラリホーマ (消費MP:24)","アルミラージ"
"補助ダウン呪文","ラリホーマ (消費MP:24)","スペクテット"
"補助ダウン呪文","ラリホーマ (消費MP:24)","ラリホーアント"
"補助ダウン呪文","マヌーサ (消費MP:16)","プラチナキング"
"補助ダウン呪文","マヌーサ (消費MP:16)","バブルキング"
"補助ダウン呪文","マヌーサ (消費MP:16)","マンドレイク"
"補助ダウン呪文","マヌーサ (消費MP:16)","シュプリンガー"
"補助ダウン呪文","マヌーサ (消費MP:16)","オーガヘッド"
"補助ダウン呪文","マヌーサ (消費MP:16)","ジャガーメイジ"
"補助ダウン呪文","マヌーサ (消費MP:16)","ヌボーン"
"補助ダウン呪文","マヌーサ (消費MP:16)","じんめんちょう"
"補助ダウン呪文","メダパニ (消費MP:8)","おどるほうせき"
"補助ダウン呪文","メダパニ (消費MP:8)","わらいぶくろ"
"補助ダウン呪文","マホトム (消費MP:10)","死神きぞく"
"補助ダウン呪文","マホトム (消費MP:10)","ベビル"
"補助ダウン呪文","マホトム (消費MP:10)","ちんもくのひつじ"
"補助ダウン呪文","マホトーン (消費MP:24)","デビルプラント"
"補助ダウン呪文","マホトーン (消費MP:24)","じごくのピエロ"
"補助ダウン呪文","マホトーン (消費MP:24)","サイレス"
"補助ダウン呪文","マホトーン (消費MP:24)","ホークマン"
"補助ダウン呪文","マホトーン (消費MP:24)","まじゅつし"
"補助ダウン呪文","マホトーン (消費MP:24)","キャットフライ"
"補助ダウン呪文","メダパーニャ (消費MP:24)","ニャンデミト"
"補助ダウン呪文","ぐるぐるキャンディ (消費MP:24)","ハロウィンゴースト"
"補助ダウン呪文","くらくらクラッカー (消費MP:18)","ハロウィンドラキー"
"補助ダウン呪文","マホトラ (消費MP:8)","カンダタシュガー"
"補助ダウン呪文","マホトラ (消費MP:8)","メイジドラキー"
"補助ダウン呪文","パンプキンタイフーン (消費MP:56)","魔女クシャラミ"
"斬撃攻撃","スライム斬り (消費MP:6)","コングヘッド"
"斬撃攻撃","スライム斬り (消費MP:6)","ブラウニー"
"斬撃攻撃","ドラゴン斬り (消費MP:6)","コングヘッド"
"斬撃攻撃","ドラゴン斬り (消費MP:6)","ギズモ"
"斬撃攻撃","しぜん斬り (消費MP:6)","うずしおキング"
"斬撃攻撃","しぜん斬り (消費MP:6)","キラーピッケル"
"斬撃攻撃","しぜん斬り (消費MP:6)","はさみくわがた"
"斬撃攻撃","しぜん斬り (消費MP:6)","スライムファング"
"斬撃攻撃","まじゅう斬り (消費MP:6)","オーガソルジャー"
"斬撃攻撃","まじゅう斬り (消費MP:6)","とうだいタイガー"
"斬撃攻撃","まじゅう斬り (消費MP:6)","オークデビル"
"斬撃攻撃","ぶっしつ斬り (消費MP:6)","てっきゅうまじん"
"斬撃攻撃","ぶっしつ斬り (消費MP:6)","ブラウニー"
"斬撃攻撃","ぶっしつ斬り (消費MP:6)","エビルチャリオット"
"斬撃攻撃","ぶっしつ斬り (消費MP:6)","いっかくウサギ"
"斬撃攻撃","あくま斬り (消費MP:6)","ベンガル"
"斬撃攻撃","あくま斬り (消費MP:6)","キラーマシン"
"斬撃攻撃","あくま斬り (消費MP:6)","デビルプラント"
"斬撃攻撃","あくま斬り (消費MP:6)","ラリホービートル"
"斬撃攻撃","あくま斬り (消費MP:6)","ひとくいサーベル"
"斬撃攻撃","あくま斬り (消費MP:6)","キラースコップ"
"斬撃攻撃","ゾンビ斬り (消費MP:6)","グレンデル"
"斬撃攻撃","ゾンビ斬り (消費MP:6)","キラーマシン"
"斬撃攻撃","ゾンビ斬り (消費MP:6)","しにがみ"
"斬撃攻撃","いなずま斬り (消費MP:6)","黒騎士レオコーン"
"斬撃攻撃","いなずま斬り (消費MP:6)","キラーマシンライト"
"斬撃攻撃","いなずま斬り (消費MP:6)","あくまの騎士"
"斬撃攻撃","いなずま斬り (消費MP:6)","サンダーバード"
"斬撃攻撃","いなずま斬り (消費MP:6)","ななしの子ネコ"
"斬撃攻撃","いなずま斬り (消費MP:6)","オーシャンクロー"
"斬撃攻撃","いなずま斬り (消費MP:6)","レノファイター"
"斬撃攻撃","いなずま斬り (消費MP:6)","スライムナイト"
"斬撃攻撃","いなずま斬り (消費MP:6)","ナイトウイプス"
"斬撃攻撃","火炎斬り (消費MP:6)","アークデーモン"
"斬撃攻撃","火炎斬り (消費MP:6)","フレイム"
"斬撃攻撃","火炎斬り (消費MP:6)","ともしびこぞう"
"斬撃攻撃","ひょうけつ斬り (消費MP:6)","グレイトドラゴン"
"斬撃攻撃","ひょうけつ斬り (消費MP:6)","キングムーチョ"
"斬撃攻撃","ひょうけつ斬り (消費MP:6)","キラーマシンライト"
"斬撃攻撃","ひょうけつ斬り (消費MP:6)","ベビーニュート"
"斬撃攻撃","ひょうけつ斬り (消費MP:6)","シーライオン"
"斬撃攻撃","ひょうけつ斬り (消費MP:6)","アイアンブルドー"
"斬撃攻撃","ひょうけつ斬り (消費MP:6)","キースドラゴン"
"斬撃攻撃","ひょうけつ斬り (消費MP:6)","ぼうれい剣士"
"斬撃攻撃","ひょうけつ斬り (消費MP:6)","メタルライダー"
"斬撃攻撃","ひょうけつ斬り (消費MP:6)","リザードキッズ"
"斬撃攻撃","ひょうけつ斬り (消費MP:6)","テールイーター"
"斬撃攻撃","ホーリーエッジ (消費MP:6)","プチさまようよろい"
"斬撃攻撃","ホーリーエッジ (消費MP:6)","メタルライダー"
"斬撃攻撃","らいじん斬り (消費MP:17)","バベルボブル"
"斬撃攻撃","らいじん斬り (消費MP:17)","Sキラーマシン"
"斬撃攻撃","らいじん斬り (消費MP:17)","勇者バーサー"
"斬撃攻撃","ふうじん斬り (消費MP:17)","キラーマシン2"
"斬撃攻撃","ふうじん斬り (消費MP:17)","ガーゴイル"
"斬撃攻撃","ふうじん斬り (消費MP:17)","ブル"
"斬撃攻撃","ふうじん斬り (消費MP:17)","ボーンファイター"
"斬撃攻撃","ふうじん斬り (消費MP:17)","きりさきピエロ"
"斬撃攻撃","ふうじん斬り (消費MP:17)","ダークナイト"
"斬撃攻撃","ふうじん斬り (消費MP:17)","ソードファントム"
"斬撃攻撃","ふうじん斬り (消費MP:17)","サイレス"
"斬撃攻撃","ふうじん斬り (消費MP:17)","レッドサイクロン"
"斬撃攻撃","はやぶさ斬り (消費MP:21)","ブラッドナイト"
"斬撃攻撃","はやぶさ斬り (消費MP:21)","マジックアーマー"
"斬撃攻撃","はやぶさ斬り (消費MP:21)","Sキラーマシン"
"斬撃攻撃","はやぶさ斬り (消費MP:21)","キラーアーマー"
"斬撃攻撃","はやぶさ斬り (消費MP:21)","プチキラーアーマー"
"斬撃攻撃","はやぶさ斬り (消費MP:21)","魔王の使い"
"斬撃攻撃","はやぶさ斬り (消費MP:21)","キラージャック"
"斬撃攻撃","はやぶさ斬り (消費MP:21)","魔戦士ルギウス"
"斬撃攻撃","はやぶさ斬り (消費MP:21)","ゴールドマジンガ"
"斬撃攻撃","はやぶさ斬り (消費MP:21)","スライムジェネラル"
"斬撃攻撃","はやぶさ斬り (消費MP:21)","シルバーマント"
"斬撃攻撃","はやぶさ斬り (消費MP:21)","ビッグフェイス"
"斬撃攻撃","はやぶさ斬り (消費MP:21)","王子グールー"
"斬撃攻撃","はやぶさ斬り (消費MP:21)","ドランゴ"
"斬撃攻撃","はやぶさ斬り (消費MP:21)","ドラゴンソルジャー"
"斬撃攻撃","Vスラッシュ (消費MP:21)","Vスライム"
"斬撃攻撃","Vスラッシュ (消費MP:21)","Vスライムナイト"
"斬撃攻撃","魔神斬り (消費MP:12)","てっきゅうまじん"
"斬撃攻撃","魔神斬り (消費MP:12)","トロルボンバー"
"斬撃攻撃","魔神斬り (消費MP:12)","アトラス"
"斬撃攻撃","魔神斬り (消費MP:12)","ギガデーモン"
"斬撃攻撃","魔神斬り (消費MP:12)","ファイターガール"
"斬撃攻撃","魔神斬り (消費MP:12)","スライダークレフト"
"斬撃攻撃","魔神斬り (消費MP:12)","勇者バーサー"
"斬撃攻撃","魔神斬り (消費MP:12)","グレートオーラス"
"斬撃攻撃","魔神斬り (消費MP:12)","たんすミミック"
"斬撃攻撃","魔神斬り (消費MP:12)","たてまじん"
"斬撃攻撃","魔神斬り (消費MP:12)","ビッグボック"
"斬撃攻撃","魔神斬り (消費MP:12)","アックスドラゴン"
"斬撃攻撃","魔神斬り (消費MP:12)","トドマン"
"斬撃攻撃","魔神斬り (消費MP:12)","レノファイター"
"斬撃攻撃","魔神斬り (消費MP:12)","ソードドラゴン"
"斬撃攻撃","魔神斬り (消費MP:12)","ひとくいサーベル"
"斬撃攻撃","魔神斬り (消費MP:12)","サイおとこ"
"斬撃攻撃","魔神斬り (消費MP:12)","おおきづち"
"斬撃攻撃","メタル斬り (消費MP:8)","ヘラクレイザー"
"斬撃攻撃","メタル斬り (消費MP:8)","サウルスロード"
"斬撃攻撃","メタル斬り (消費MP:8)","スライダークライト"
"斬撃攻撃","メタル斬り (消費MP:8)","メタルハンター"
"斬撃攻撃","メタル斬り (消費MP:8)","オーガー"
"斬撃攻撃","いあい斬り (消費MP:28)","ヘルクラッシャー"
"斬撃攻撃","いあい斬り (消費MP:28)","ブラッドナイト"
"斬撃攻撃","いあい斬り (消費MP:28)","デビルマスタッシュ"
"斬撃攻撃","いあい斬り (消費MP:28)","妖剣士オーレン"
"斬撃攻撃","いあい斬り (消費MP:28)","キマライガー"
"斬撃攻撃","いあい斬り (消費MP:28)","まかいファイター"
"斬撃攻撃","いあい斬り (消費MP:28)","ウルベア魔神兵"
"斬撃攻撃","ダークマッシャー (消費MP:17)","黒竜丸"
"斬撃攻撃","ダークマッシャー (消費MP:17)","ドラゴンゾンビ"
"斬撃攻撃","ダークマッシャー (消費MP:17)","ゴンズ"
"斬撃攻撃","ダークマッシャー (消費MP:17)","ナイトリッチ"
"斬撃攻撃","ダークマッシャー (消費MP:17)","シャドーサタン"
"斬撃攻撃","ダークマッシャー (消費MP:17)","マミー"
"斬撃攻撃","ダークマッシャー (消費MP:17)","キラーモス"
"斬撃攻撃","ダークマッシャー (消費MP:17)","ウルベア魔神兵"
"斬撃攻撃","ダークマッシャー (消費MP:17)","ギフトボックス"
"斬撃攻撃","れんごく斬り (消費MP:17)","ドラゴンガイア"
"斬撃攻撃","れんごく斬り (消費MP:17)","じごくのヌエ"
"斬撃攻撃","れんごく斬り (消費MP:17)","じごくのきし"
"斬撃攻撃","れんごく斬り (消費MP:17)","ボル"
"斬撃攻撃","れんごく斬り (消費MP:17)","デビルアーマー"
"斬撃攻撃","れんごく斬り (消費MP:17)","炎の戦士"
"斬撃攻撃","ダークスパイク (消費MP:6)","ダークスライム"
"斬撃攻撃","ダークスパイク (消費MP:6)","ぼうれい剣士"
"斬撃攻撃","ブリザーラッシュ (消費MP:17)","リザードファッツ"
"斬撃攻撃","ブリザーラッシュ (消費MP:17)","ブリザードマン"
"斬撃攻撃","ブリザーラッシュ (消費MP:17)","ゆきのじょおう"
"斬撃攻撃","ブリザーラッシュ (消費MP:17)","ホワイトランサー"
"斬撃攻撃","ブリザーラッシュ (消費MP:17)","アイスゴーレム"
"斬撃攻撃","ブリザーラッシュ (消費MP:17)","シードラゴンズ"
"斬撃攻撃","しんくう斬り (消費MP:6)","りゅうせんし"
"斬撃攻撃","もろば斬り (消費MP:15)","ゴンズ"
"斬撃攻撃","もろば斬り (消費MP:15)","バーサーカー"
"斬撃攻撃","もろば斬り (消費MP:15)","こうてつまじん"
"斬撃攻撃","もろば斬り (消費MP:15)","タウラス"
"斬撃攻撃","もろば斬り (消費MP:15)","さまようよろい"
"斬撃攻撃","もろば斬り (消費MP:15)","ポンコツ兵"
"斬撃攻撃","れっぱ斬り (消費MP:6)","マッスルウータン"
"斬撃攻撃","ふたり攻撃 (消費MP:21)","スラン＆キャタピン"
"斬撃攻撃","ばくれん斬り (消費MP:17)","ゴッドライダー"
"斬撃攻撃","ばくれん斬り (消費MP:17)","ドランゴ"
"斬撃攻撃","抜刀さみだれ斬り (消費MP:30)","リベリオファミリー"
"斬撃攻撃","抜刀さみだれ斬り (消費MP:30)","キャット・リベリオ"
"斬撃攻撃","にゃんたまアタック (消費MP:17)","ウニャ"
"斬撃攻撃","マーシャルニャーツ (消費MP:21)","ミャルジ"
"斬撃攻撃","ジゴスラッシュ (消費MP:48)","魔剣士ピサロ"
"斬撃攻撃","ジゴスラッシュ (消費MP:48)","エビルエスターク"
"斬撃攻撃","ジゴスラッシュ (消費MP:48)","イビルキュリア"
"斬撃攻撃","神速の剣技 (消費MP:36)","魔剣神レパルド"
"斬撃攻撃","神速の剣技 (消費MP:36)","魔剣士ピサロ"
"斬撃攻撃","ホーリーラッシュ (消費MP:17)","プチットガールズ"
"斬撃攻撃","ホーリーラッシュ (消費MP:17)","木馬の騎士"
"斬撃攻撃","ホーリーラッシュ (消費MP:17)","プレゼントぶくろ"
"斬撃攻撃","つきとばし (消費MP:16)","ギガントドラゴン"
"斬撃攻撃","つきとばし (消費MP:16)","シールドオーガ"
"斬撃攻撃","つきとばし (消費MP:16)","タウラス"
"斬撃攻撃","つきとばし (消費MP:16)","カンダタショコラ"
"斬撃攻撃","つきとばし (消費MP:16)","れんごく天馬"
"斬撃攻撃","つきとばし (消費MP:16)","マッスルももんじゃ"
"斬撃攻撃","つきとばし (消費MP:16)","ぶちベホマラー"
"斬撃攻撃","つきとばし (消費MP:16)","ひょうがまじん"
"斬撃攻撃","つきとばし (消費MP:16)","トンブレロ"
"斬撃攻撃","つきとばし (消費MP:16)","ビッグモアイ"
"斬撃攻撃","つきとばし (消費MP:16)","ヘルジュラシック"
"斬撃攻撃","大魔神斬り (消費MP:24)","メタルクラッシャー"
"斬撃攻撃","大魔神斬り (消費MP:24)","サイモン＆ホイミン"
"斬撃攻撃","大魔神斬り (消費MP:24)","ギガンテス"
"斬撃攻撃","大魔神斬り (消費MP:24)","キラーマシン2"
"斬撃攻撃","大魔神斬り (消費MP:24)","ギュメイ将軍"
"斬撃攻撃","大魔神斬り (消費MP:24)","Sキラーマシンライト"
"斬撃攻撃","大魔神斬り (消費MP:24)","ゴールデンゴーレム"
"斬撃攻撃","こんしん斬り (消費MP:19)","ドンガンバ"
"斬撃攻撃","こんしん斬り (消費MP:19)","妖剣士オーレン"
"斬撃攻撃","こんしん斬り (消費MP:19)","プロトキラー"
"斬撃攻撃","こんしん斬り (消費MP:19)","ジェネラルダンテ"
"斬撃攻撃","こんしん斬り (消費MP:19)","エリミネーター"
"斬撃攻撃","こんしん斬り (消費MP:19)","プリーストナイト"
"斬撃攻撃","こんしん斬り (消費MP:19)","モグラの子分"
"斬撃攻撃","しっぷうのキバ (消費MP:17)","ウイングタイガー"
"斬撃攻撃","たたきつぶし (消費MP:28)","グラブゾンジャック"
"斬撃攻撃","たたきつぶし (消費MP:28)","ギガンテス"
"斬撃攻撃","たたきつぶし (消費MP:28)","メタルドラゴン"
"斬撃攻撃","たたきつぶし (消費MP:28)","ランプのまじん"
"斬撃攻撃","たたきつぶし (消費MP:28)","エスターク"
"斬撃攻撃","たたきつぶし (消費MP:28)","新生転生アトラス"
"斬撃攻撃","たたきつぶし (消費MP:28)","ゴードンヘッド"
"斬撃攻撃","ギガスラッシュ (消費MP:48)","デンガー"
"斬撃攻撃","ギガスラッシュ (消費MP:48)","スライダークロボ"
"斬撃攻撃","ギガスラッシュ (消費MP:48)","勇者まねまね隊"
"斬撃攻撃","スライダークロー (消費MP:21)","スライダークロボ"
"斬撃攻撃","メタルむそう (消費MP:32)","メタルクラッシャー"
"斬撃攻撃","メタルむそう (消費MP:32)","デビルマスタッシュ"
"斬撃攻撃","メタルむそう (消費MP:32)","新生転生ヘラクレイザー"
"斬撃攻撃","聖魔斬 (消費MP:28)","聖天竜ミラクレア"
"斬撃攻撃","聖魔斬 (消費MP:28)","レジェンドホース"
"斬撃攻撃","双竜打ち (消費MP:21)","妖魔ジュリアンテ"
"斬撃攻撃","双竜打ち (消費MP:21)","カンダタハニー"
"斬撃攻撃","ミラクルソード (消費MP:24)","海王神"
"斬撃攻撃","ミラクルソード (消費MP:24)","デンガー"
"斬撃攻撃","ミラクルソード (消費MP:24)","ピサロナイト"
"斬撃攻撃","しっぷうづき (消費MP:18)","ゴッドバロン"
"斬撃攻撃","しっぷうづき (消費MP:18)","ソードフライヤー"
"斬撃攻撃","しっぷうづき (消費MP:18)","大海の王者"
"斬撃攻撃","しっぷうづき (消費MP:18)","魔戦士ヴェーラ"
"斬撃攻撃","吸血 (消費MP:24)","ピンクモーモン"
"斬撃攻撃","吸血 (消費MP:24)","デスファレーナ"
"斬撃攻撃","吸血 (消費MP:24)","かっちゅうアリ"
"斬撃攻撃","帝王の一閃 (消費MP:38)","地獄の帝王エスターク"
"斬撃攻撃","紅蓮斬 (消費MP:48)","魔戦士ルギウス"
"斬撃攻撃","リーフスラッシュ (消費MP:17)","ウドラー"
"斬撃攻撃","冥王の大鎌 (消費MP:38)","冥王ネルゲル"
"斬撃攻撃","疾風迅雷 (消費MP:28)","キングスペーディオ"
"斬撃状態異常","かぶとわり (消費MP:8)","死神の騎士"
"斬撃状態異常","かぶとわり (消費MP:8)","デビルアーマー"
"斬撃状態異常","かぶとわり (消費MP:8)","サウルスロード"
"斬撃状態異常","かぶとわり (消費MP:8)","モヒカント"
"斬撃状態異常","かぶとわり (消費MP:8)","ボストロール"
"斬撃状態異常","かぶとわり (消費MP:8)","ファイターガール"
"斬撃状態異常","かぶとわり (消費MP:8)","アーマービートル"
"斬撃状態異常","かぶとわり (消費MP:8)","くびかり族"
"斬撃状態異常","かぶとわり (消費MP:8)","ソルジャーブル"
"斬撃状態異常","かぶとわり (消費MP:8)","シールドこぞう"
"斬撃状態異常","かぶとわり (消費MP:8)","ライノスキング"
"斬撃状態異常","かぶとわり (消費MP:8)","チョコゴーレム"
"斬撃状態異常","かぶとわり (消費MP:8)","アックスドラゴン"
"斬撃状態異常","かぶとわり (消費MP:8)","ストーンマン"
"斬撃状態異常","かぶとわり (消費MP:8)","イノブタマン"
"斬撃状態異常","かぶとわり (消費MP:8)","しびれだんびら"
"斬撃状態異常","かぶとわり (消費MP:8)","いっかく竜"
"斬撃状態異常","マヌーサ斬り (消費MP:8)","スライダークライト"
"斬撃状態異常","マヌーサ斬り (消費MP:8)","スケアフレイル"
"斬撃状態異常","マヌーサ斬り (消費MP:8)","イノブタマン"
"斬撃状態異常","マヌーサ斬り (消費MP:8)","ゴールドオーク"
"斬撃状態異常","マヌーサ斬り (消費MP:8)","ピットバイパー"
"斬撃状態異常","マヌーサ斬り (消費MP:8)","デザートゴースト"
"斬撃状態異常","マヌーサ斬り (消費MP:8)","オニオーン"
"斬撃状態異常","もうどく斬り (消費MP:8)","フライングデス"
"斬撃状態異常","もうどく斬り (消費MP:8)","リバイアさま"
"斬撃状態異常","もうどく斬り (消費MP:8)","エビルスピリッツ"
"斬撃状態異常","もうどく斬り (消費MP:8)","グリーンドラゴン"
"斬撃状態異常","メダパニ斬り (消費MP:10)","ヘルガーディアン"
"斬撃状態異常","メダパニ斬り (消費MP:10)","アーマービートル"
"斬撃状態異常","メダパニ斬り (消費MP:10)","スライダークレフト"
"斬撃状態異常","メダパニ斬り (消費MP:10)","ソードファントム"
"斬撃状態異常","メダパニ斬り (消費MP:10)","キラーピッケル"
"斬撃状態異常","だつりょく斬り (消費MP:8)","クローハンズ"
"斬撃状態異常","だつりょく斬り (消費MP:8)","マンモデウス"
"斬撃状態異常","だつりょく斬り (消費MP:8)","ビッグスロース"
"斬撃状態異常","だつりょく斬り (消費MP:8)","メランザーナ"
"斬撃状態異常","だつりょく斬り (消費MP:8)","しましまキャット"
"斬撃状態異常","どく攻撃 (消費MP:5)","テンタクルス"
"斬撃状態異常","どく攻撃 (消費MP:5)","マンドレイク"
"斬撃状態異常","どく攻撃 (消費MP:5)","くさった死体"
"斬撃状態異常","どく攻撃 (消費MP:5)","たまねぎマン"
"斬撃状態異常","どく攻撃 (消費MP:5)","フルスネイカー"
"斬撃状態異常","どく攻撃 (消費MP:5)","じんめんちょう"
"斬撃状態異常","どく攻撃 (消費MP:5)","バブルスライム"
"斬撃状態異常","ねむり攻撃 (消費MP:8)","大王イカ"
"斬撃状態異常","ねむり攻撃 (消費MP:8)","かげのきし"
"斬撃状態異常","ねむり攻撃 (消費MP:8)","ひとくいそう"
"斬撃状態異常","ねむり攻撃 (消費MP:8)","アルミラージ"
"斬撃状態異常","ねむり攻撃 (消費MP:8)","デザートきづち"
"斬撃状態異常","ねむり攻撃 (消費MP:8)","ラリホーン"
"斬撃状態異常","ねむり攻撃 (消費MP:8)","スライムタワー"
"斬撃状態異常","ねむり攻撃 (消費MP:8)","チョコマドハンド"
"斬撃状態異常","ねむり攻撃 (消費MP:8)","ぐんたいアリ"
"斬撃状態異常","ねむり攻撃 (消費MP:8)","おおにわとり"
"斬撃状態異常","マヒ攻撃 (消費MP:8)","どくどくゾンビ"
"斬撃状態異常","マヒ攻撃 (消費MP:8)","マッスルウータン"
"斬撃状態異常","マヒ攻撃 (消費MP:8)","ミイラ男"
"斬撃状態異常","マヒ攻撃 (消費MP:8)","ヘルビートル"
"斬撃状態異常","マヒ攻撃 (消費MP:8)","しびれだんびら"
"斬撃状態異常","マヒ攻撃 (消費MP:8)","ビッグボック"
"斬撃状態異常","マヒ攻撃 (消費MP:8)","テラノザース"
"斬撃状態異常","マヒ攻撃 (消費MP:8)","サイおとこ"
"斬撃状態異常","マヒ攻撃 (消費MP:8)","しびれくらげ"
"斬撃状態異常","マヒ攻撃 (消費MP:8)","あくまのす"
"斬撃状態異常","大地の怒り (消費MP:38)","怪力軍曹イボイノス"
"斬撃状態異常","大地の怒り (消費MP:38)","アトラス"
"斬撃状態異常","大地の怒り (消費MP:38)","エグドラシル"
"斬撃状態異常","アサシンアタック (消費MP:14)","バーサーカー"
"斬撃状態異常","アサシンアタック (消費MP:14)","ホースデビル"
"斬撃状態異常","アサシンアタック (消費MP:14)","パンドラボックス"
"斬撃状態異常","ネクロゴンドの波動 (消費MP:41)","バラモス"
"斬撃状態異常","やいばくだき (消費MP:34)","サタンメイル"
"斬撃状態異常","やいばくだき (消費MP:34)","ゴッドライダー"
"斬撃状態異常","やいばくだき (消費MP:34)","ドンガンバ"
"斬撃状態異常","やいばくだき (消費MP:34)","やつざきアニマル"
"斬撃状態異常","やいばくだき (消費MP:34)","新生転生てっきゅうまじん"
"斬撃状態異常","キングダムソード (消費MP:34)","さまようよろい"
"斬撃状態異常","にくきゅうパンチ (消費MP:8)","ミュベス"
"斬撃状態異常","テールハンマー (消費MP:32)","メタルスコーピオン"
"斬撃状態異常","テールハンマー (消費MP:32)","ファンキードラゴ"
"斬撃状態異常","まどろみ斬り (消費MP:38)","エビルエスターク"
"斬撃状態異常","まどろみ斬り (消費MP:38)","キャプテン・クロウ"
"斬撃状態異常","よろいくだき (消費MP:34)","カンダタ"
"斬撃状態異常","よろいくだき (消費MP:34)","ナイトキング"
"斬撃状態異常","よろいくだき (消費MP:34)","プロトキラー"
"斬撃状態異常","ポイズンブレード (消費MP:38)","ソードイド"
"斬撃状態異常","ポイズンブレード (消費MP:38)","コアトル"
"斬撃状態異常","ポイズンブレード (消費MP:38)","フロストナーガ"
"斬撃状態異常","ポイズンブレード (消費MP:38)","バルバルー"
"斬撃状態異常","ポイズンブレード (消費MP:38)","げんじかぶと"
"斬撃状態異常","まふうじのまい (消費MP:41)","バルバルー"
"斬撃状態異常","まふうじのまい (消費MP:41)","ヘルコンダクター"
"斬撃状態異常","まふうじのまい (消費MP:41)","ジェネラルダンテ"
"斬撃状態異常","まふうじのまい (消費MP:41)","ウドラー"
"斬撃状態異常","ダークウィップ (消費MP:41)","ヘルバオム"
"斬撃状態異常","ダークウィップ (消費MP:41)","ブラッドマミー"
"斬撃状態異常","ダークウィップ (消費MP:41)","イビルキュリア"
"斬撃状態異常","ダークウィップ (消費MP:41)","メタルナスビ"
"斬撃状態異常","ダークウィップ (消費MP:41)","ブルベリーノ"
"斬撃状態異常","漆黒のツメ (消費MP:36)","ライオネック"
"斬撃状態異常","漆黒のツメ (消費MP:36)","バラモスゾンビ"
"斬撃状態異常","漆黒のツメ (消費MP:36)","アクバー"
"斬撃状態異常","漆黒のツメ (消費MP:36)","ダークパンサー"
"斬撃状態異常","漆黒のツメ (消費MP:36)","ロック鳥"
"斬撃状態異常","マヒャド斬り (消費MP:28)","キラーマジンガ"
"斬撃状態異常","マヒャド斬り (消費MP:28)","ヴァルハラー"
"斬撃状態異常","マヒャド斬り (消費MP:28)","デスマシーン"
"斬撃状態異常","マヒャド斬り (消費MP:28)","フロストナーガ"
"斬撃状態異常","マヒャド斬り (消費MP:28)","ギュメイ将軍"
"斬撃状態異常","ボミオスブレード (消費MP:34)","キラーマジンガ"
"斬撃状態異常","ボミオスブレード (消費MP:34)","ゴッドバロン"
"斬撃状態異常","ボミオスブレード (消費MP:34)","海王神"
"斬撃状態異常","ボミオスブレード (消費MP:34)","ドラゴンマシン"
"斬撃状態異常","びっくりランタン (消費MP:21)","ハロウィンマミー"
"斬撃状態異常","マジックブレイク (消費MP:36)","マジックアーマー"
"斬撃状態異常","マジックブレイク (消費MP:36)","ヴァルハラー"
"斬撃状態異常","マジックブレイク (消費MP:36)","ジャミ"
"斬撃状態異常","マジックブレイク (消費MP:36)","ソードフライヤー"
"斬撃状態異常","マジックブレイク (消費MP:36)","エビルソーサラー"
"斬撃状態異常","ランドインパクト (消費MP:52)","聖地竜オリハルゴン"
"斬撃状態異常","ランドインパクト (消費MP:52)","オーシャンボーン"
"斬撃状態異常","ランドインパクト (消費MP:52)","てんのもんばん"
"斬撃状態異常","ランドインパクト (消費MP:52)","セルゲイナス"
"斬撃状態異常","ランドインパクト (消費MP:52)","クイーンスライム"
"斬撃状態異常","ランドインパクト (消費MP:52)","デスストーカー"
"斬撃状態異常","ランドインパクト (消費MP:52)","魔戦士ホゲイラ"
"斬撃状態異常","ランドインパクト (消費MP:52)","新生転生トロルボンバー"
"斬撃状態異常","シャインスコール (消費MP:37)","グランシーザー"
"斬撃状態異常","シャインスコール (消費MP:37)","カカロン"
"斬撃状態異常","シャインスコール (消費MP:37)","ゴールデンパペット"
"斬撃状態異常","シャインスコール (消費MP:37)","ゴールドマジンガ"
"斬撃状態異常","はげしいビンタ (消費MP:41)","バトミン"
"斬撃状態異常","はげしいビンタ (消費MP:41)","カカロン"
"斬撃状態異常","メッタ斬り (消費MP:36)","ソードイド"
"斬撃状態異常","メッタ斬り (消費MP:36)","ヘルクラッシャー"
"斬撃状態異常","メッタ斬り (消費MP:36)","Sキラーマシンライト"
"斬撃状態異常","メッタ斬り (消費MP:36)","アームライオン"
"斬撃状態異常","メッタ斬り (消費MP:36)","じごくのマドンナ"
"斬撃状態異常","ブレスブレイク (消費MP:36)","サラマンダー"
"斬撃状態異常","ブレスブレイク (消費MP:36)","にじくじゃく"
"斬撃状態異常","ブレスブレイク (消費MP:36)","じげんりゅう"
"斬撃状態異常","スノーラッシュ (消費MP:28)","ハッピークリスマス"
"斬撃状態異常","スノーラッシュ (消費MP:28)","サンタモーモン"
"斬撃状態異常","スノーラッシュ (消費MP:28)","ジングルモーモン"
"斬撃状態異常","くらげのまい (消費MP:41)","しびれくらげひめ"
"斬撃状態異常","かみくだき (消費MP:28)","デビルドラグナー"
"斬撃状態異常","かみくだき (消費MP:28)","キングスペーディオ"
"斬撃状態異常","かみくだき (消費MP:28)","神竜"
"斬撃状態異常","かみくだき (消費MP:28)","ゲリュオン"
"斬撃状態異常","かみくだき (消費MP:28)","スケアリードッグ"
"斬撃状態異常","かみくだき (消費MP:28)","じげんりゅう"
"斬撃状態異常","しばり打ち (消費MP:32)","カンダタハニー"
"斬撃状態異常","ソードクラッシュ (消費MP:32)","ヘビーマジンガ"
"斬撃状態異常","ソードクラッシュ (消費MP:32)","ダークホビット"
"斬撃状態異常","ソードクラッシュ (消費MP:32)","ガーディアン"
"斬撃状態異常","ソードクラッシュ (消費MP:32)","ブレイズホーン"
"斬撃状態異常","ソードクラッシュ (消費MP:32)","新生転生バベルボブル"
"斬撃状態異常","ディバインスペル (消費MP:32)","新生転生デスプリースト"
"斬撃状態異常","ディバインスペル (消費MP:32)","ドメディ"
"斬撃状態異常","ディバインスペル (消費MP:32)","ウィングデビル"
"斬撃状態異常","海魔神の怒り (消費MP:35)","グラコス"
"斬撃状態異常","武器ふりまわし (消費MP:28)","カンダタこぶん"
"斬撃状態異常","武器ふりまわし (消費MP:28)","新生転生てっきゅうまじん"
"斬撃状態異常","武器ふりまわし (消費MP:28)","キラーマシン３"
"斬撃状態異常","武器ふりまわし (消費MP:28)","ゴレオン将軍"
"斬撃状態異常","武器ふりまわし (消費MP:28)","サイクロプス"
"斬撃状態異常","武器ふりまわし (消費MP:28)","グレイトマーマン"
"斬撃状態異常","武器ふりまわし (消費MP:28)","ドラゴンライダー"
"斬撃状態異常","恐怖のツメ (消費MP:32)","新生転生キングヒドラ"
"斬撃状態異常","恐怖のツメ (消費MP:32)","デスタムーア"
"斬撃状態異常","蒼天魔斬 (消費MP:38)","魔剣神レパルド"
"斬撃状態異常","蒼天魔斬 (消費MP:38)","ダークアラストル"
"斬撃状態異常","ブレスクラッシュ (消費MP:32)","新生転生メタルスコーピオン"
"斬撃状態異常","ブレスクラッシュ (消費MP:32)","ブラストクロウ"
"斬撃状態異常","はげしいきりさき (消費MP:28)","やつざきアニマル"
"斬撃状態異常","はげしいきりさき (消費MP:28)","新生転生バズズ"
"斬撃状態異常","シールドブレイク (消費MP:28)","ヘビーマジンガ"
"斬撃状態異常","シールドブレイク (消費MP:28)","怪力軍曹イボイノス"
"斬撃状態異常","シールドブレイク (消費MP:28)","新生転生ヘルガーディアン"
"斬撃状態異常","デモンズソード (消費MP:28)","ダークアラストル"
"斬撃状態異常","真・やいばくだき (消費MP:40)","ディアノーグエース"
"斬撃状態異常","真・よろいくだき (消費MP:40)","グラブゾンジャック"
"斬撃状態異常","メッタメタ斬り (消費MP:41)","カンダタ"
"斬撃状態異常","ギガントネイル (消費MP:41)","新生転生ギガントドラゴン"
"斬撃状態異常","くいちぎる (消費MP:36)","新生転生2竜王"
"体技攻撃","いなずま (消費MP:41)","ハヌマーン"
"体技攻撃","いなずま (消費MP:41)","スカイドラゴン"
"体技攻撃","いなずま (消費MP:41)","ホラーウォーカー"
"体技攻撃","いなずま (消費MP:41)","みずたまドラゴン"
"体技攻撃","いなずま (消費MP:41)","ガメゴンレジェンド"
"体技攻撃","いなずま (消費MP:41)","サンダーバード"
"体技攻撃","いなずま (消費MP:41)","じごくのよろい"
"体技攻撃","いなずま (消費MP:41)","シルバーマント"
"体技攻撃","いなずま (消費MP:41)","プチじごくのよろい"
"体技攻撃","かまいたち (消費MP:10)","テラノバット"
"体技攻撃","かまいたち (消費MP:10)","ホワイトランサー"
"体技攻撃","ばくれつけん (消費MP:28)","クラーゴン"
"体技攻撃","ばくれつけん (消費MP:28)","魔戦士ホゲイラ"
"体技攻撃","ばくれつけん (消費MP:28)","マジーン"
"体技攻撃","ばくれつけん (消費MP:28)","ラムポーン"
"体技攻撃","ばくれつけん (消費MP:28)","マッスルももんじゃ"
"体技攻撃","ばくれつけん (消費MP:28)","マリンデュエル"
"体技攻撃","ばくれつけん (消費MP:28)","ミイホン＆ドラお"
"体技攻撃","ばくれつけん (消費MP:28)","バッファロン"
"体技攻撃","ばくれつけん (消費MP:28)","ベンガル"
"体技攻撃","ばくれつけん (消費MP:28)","オーシャンクロー"
"体技攻撃","ばくれつけん (消費MP:28)","チョコゴーレム"
"体技攻撃","ばくれつけん (消費MP:28)","マカロンゴーレム"
"体技攻撃","みなごろし (消費MP:8)","あくまの騎士"
"体技攻撃","みなごろし (消費MP:8)","サイクロプス"
"体技攻撃","みなごろし (消費MP:8)","ボストロール"
"体技攻撃","みなごろし (消費MP:8)","バッファロン"
"体技攻撃","みなごろし (消費MP:8)","ボアソルジャー"
"体技攻撃","みなごろし (消費MP:8)","くびかり族"
"体技攻撃","みなごろし (消費MP:8)","オーガー"
"体技攻撃","みなごろし (消費MP:8)","ポンコツ兵"
"体技攻撃","みなごろし (消費MP:8)","ごろつき"
"体技攻撃","みなごろし (消費MP:8)","ストロングアニマル"
"体技攻撃","みなごろし (消費MP:8)","ダンビラムーチョ"
"体技攻撃","みなごろし (消費MP:8)","ソードドラゴン"
"体技攻撃","おにび (消費MP:41)","バルザックビースト"
"体技攻撃","しんくうは (消費MP:41)","クローハンズ"
"体技攻撃","しんくうは (消費MP:41)","ごくらくちょう"
"体技攻撃","しんくうは (消費MP:41)","デス・アミーゴ"
"体技攻撃","しんくうは (消費MP:41)","ライバーン"
"体技攻撃","しんくうは (消費MP:41)","ヘルクラウダー"
"体技攻撃","てっぽう水 (消費MP:41)","グレイトマーマン"
"体技攻撃","てっぽう水 (消費MP:41)","シーバーン"
"体技攻撃","スラ・キャノン (消費MP:41)","勇車スラリンガル"
"体技攻撃","スラ・バースト (消費MP:15)","勇車スラリンガル"
"体技攻撃","スラ・バースト (消費MP:15)","ミイホン＆ドラお"
"体技攻撃","マデュラビーム (消費MP:41)","スライムマデュラ"
"体技攻撃","Vコンボ (消費MP:?)","Vゴーレム"
"体技攻撃","Vコンボ (消費MP:?)","Vプリズニャン"
"体技攻撃","たいあたり (消費MP:15)","ベル"
"体技攻撃","たいあたり (消費MP:15)","カンダタショコラ"
"体技攻撃","たいあたり (消費MP:15)","キャタピン"
"体技攻撃","たいあたり (消費MP:15)","ドラゴスライム"
"体技攻撃","たいあたり (消費MP:15)","Vゴーレム"
"体技攻撃","たいあたり (消費MP:15)","ビッグハット"
"体技攻撃","たいあたり (消費MP:15)","ぶちスライムベス"
"体技攻撃","たいあたり (消費MP:15)","テラノライナー"
"体技攻撃","ジゴスパーク (消費MP:65)","黒竜丸"
"体技攻撃","ジゴスパーク (消費MP:65)","マガルギ"
"体技攻撃","ほうでん (消費MP:10)","バル"
"体技攻撃","じひびき (消費MP:41)","ブオーン"
"体技攻撃","じひびき (消費MP:41)","だいまじん"
"体技攻撃","じひびき (消費MP:41)","メタルドラゴン"
"体技攻撃","じひびき (消費MP:41)","レッドオーガ"
"体技攻撃","じひびき (消費MP:41)","ベル"
"体技攻撃","じひびき (消費MP:41)","ギガントヒルズ"
"体技攻撃","じひびき (消費MP:41)","ヘルジャッカル"
"体技攻撃","じひびき (消費MP:41)","かっちゅうアリ"
"体技攻撃","水しぶき (消費MP:10)","シャークマジュ"
"体技攻撃","いわなげ (消費MP:10)","ごろつき"
"体技攻撃","いわなげ (消費MP:10)","ようがんまじん"
"体技攻撃","いわなげ (消費MP:10)","ストーンマン"
"体技攻撃","サンダーボルト (消費MP:78)","メカバーン"
"体技攻撃","サンダーボルト (消費MP:78)","新生転生ハヌマーン"
"体技攻撃","流星 (消費MP:62)","ウルスラ"
"体技攻撃","パペットシャワー (消費MP:62)","パペットマン"
"体技攻撃","トルネード (消費MP:98)","ブラストクロウ"
"体技攻撃","トルネード (消費MP:98)","新生転生ヘルミラージュ"
"体技攻撃","スラ・ストライク (消費MP:28)","スラリン＆スラみ"
"体技攻撃","スライムシャワー (消費MP:50)","スライムファミリー"
"体技攻撃","ミラクルストライク (消費MP:24)","プリンセスライム"
"体技攻撃","ミラクルストライク (消費MP:24)","ぱぱ＆まま"
"体技攻撃","メイルストロム (消費MP:78)","大海の王者"
"体技攻撃","魔瘴弾 (消費MP:31)","冥獣王ネルゲル"
"体技攻撃","獣王げきれつしょう (消費MP:78)","魔戦士ヴェーラ"
"体技攻撃","しっぽ爆弾 (消費MP:78)","スカラベキング"
"体技攻撃","咆哮 (消費MP:98)","新生転生2竜王"
"体技回復","めいそう (消費MP:20)","デザートきづち"
"体技回復","めいそう (消費MP:20)","ゴーレム"
"体技回復","めいそう (消費MP:20)","スライムカルゴ"
"体技回復","やくそうレイン (消費MP:20)","メタルスラン"
"体技回復","やくそうレイン (消費MP:20)","スラン"
"体技回復","ホイミン音頭 (消費MP:40)","おまつりホイミン"
"体技回復","光の洗礼 (消費MP:30)","プチットガールズ"
"体技回復","光の洗礼 (消費MP:30)","マジカルハット"
"体技回復","ゴスペルソング (消費MP:48)","ハッピークリスマス"
"体技回復","光のはどう (消費MP:56)","新生転生ゴールデンスライム"
"体技回復","光のはどう (消費MP:56)","スライムブレス"
"体技回復","フワフワダンス (消費MP:40)","ピンクモーモン"
"体技回復","天使のうたごえ (消費MP:60)","フラワーゾンビ"
"体技回復","せかいじゅの葉 (消費MP:120)","じんめんじゅ"
"体技回復","せかいじゅのしずく (消費MP:200)","エビルトレント"
"体技回復","聖女のうた (消費MP:120)","クインガルハート"
"体技回復","邪悪な祈り (消費MP:0)","新生転生破壊神シドー"
"体技状態異常","おたけび (消費MP:10)","アームライオン"
"体技状態異常","おたけび (消費MP:10)","オーガソルジャー"
"体技状態異常","おたけび (消費MP:10)","ななしの子ネコ"
"体技状態異常","おたけび (消費MP:10)","ストロングアニマル"
"体技状態異常","おたけび (消費MP:10)","とうだいタイガー"
"体技状態異常","おたけび (消費MP:10)","オークデビル"
"体技状態異常","おたけび (消費MP:10)","テラノバット"
"体技状態異常","おたけび (消費MP:10)","スマイルリザード"
"体技状態異常","おたけび (消費MP:10)","とらおとこ"
"体技状態異常","おたけび (消費MP:10)","コドラ"
"体技状態異常","おたけび (消費MP:10)","グリズリー"
"体技状態異常","おたけび (消費MP:10)","デザートゴースト"
"体技状態異常","おたけび (消費MP:10)","ピットバイパー"
"体技状態異常","おたけび (消費MP:10)","ベビーパンサー"
"体技状態異常","おたけび (消費MP:10)","おおめだま"
"体技状態異常","はげしいおたけび (消費MP:24)","ブルファング"
"体技状態異常","はげしいおたけび (消費MP:24)","キングリザード"
"体技状態異常","はげしいおたけび (消費MP:24)","オーガキング"
"体技状態異常","はげしいおたけび (消費MP:24)","スケアリードッグ"
"体技状態異常","はげしいおたけび (消費MP:24)","マポレーナ"
"体技状態異常","はげしいおたけび (消費MP:24)","ダークパンサー"
"体技状態異常","はげしいおたけび (消費MP:24)","新生転生ギガントドラゴン"
"体技状態異常","はげしいおたけび (消費MP:24)","シーバーン"
"体技状態異常","はげしいおたけび (消費MP:24)","リザードファッツ"
"体技状態異常","はげしいおたけび (消費MP:24)","ドン・モグーラ"
"体技状態異常","せいじゃくの光 (消費MP:14)","ドラン"
"体技状態異常","まぶしい光 (消費MP:13)","スラン＆キャタピン"
"体技状態異常","まぶしい光 (消費MP:13)","デス・アミーゴ"
"体技状態異常","まぶしい光 (消費MP:13)","Vスライム"
"体技状態異常","まぶしい光 (消費MP:13)","はしりとかげ"
"体技状態異常","まぶしい光 (消費MP:13)","ビッグモアイ"
"体技状態異常","なめまわし (消費MP:18)","はらぺこサタン"
"体技状態異常","なめまわし (消費MP:18)","ベロリンマン"
"体技状態異常","なめまわし (消費MP:18)","プリズニャン"
"体技状態異常","なめまわし (消費MP:18)","くさった死体"
"体技状態異常","Vジャンプ (消費MP:24)","Vロン"
"体技状態異常","ぶきみな光 (消費MP:10)","ヘルヴィーナス"
"体技状態異常","ぶきみな光 (消費MP:10)","ハーゴン"
"体技状態異常","ぶきみな光 (消費MP:10)","バルバロッサ"
"体技状態異常","ぶきみな光 (消費MP:10)","まおうのかげ"
"体技状態異常","ぶきみな光 (消費MP:10)","ゲルニック将軍"
"体技状態異常","すなけむり (消費MP:12)","しましまキャット"
"体技状態異常","ピンクタイフーン (消費MP:41)","カンダタレディース"
"体技状態異常","ピンクタイフーン (消費MP:41)","クシャラミ"
"体技状態異常","ジングルベル (消費MP:24)","プレゼントぶくろ"
"体技状態異常","やみのはどう (消費MP:56)","闇の大魔王ゾーマ"
"体技状態異常","あやしいひとみ (消費MP:18)","ムドー"
"体技状態異常","あやしいひとみ (消費MP:18)","ウィングデビル"
"体技状態異常","まがまがしい光 (消費MP:10)","セバスチャン"
"体技状態異常","まがまがしい光 (消費MP:10)","クラウンヘッド"
"体技状態異常","まがまがしい光 (消費MP:10)","新生転生ゲマ"
"体技状態異常","まがまがしい光 (消費MP:10)","ホラーウォーカー"
"体技状態異常","スラ・フラッシュ (消費MP:32)","スラリン＆スラみ"
"体技状態異常","コミックソング (消費MP:18)","わかめおうじ"
"体技状態異常","潮風のララバイ (消費MP:65)","潮風のディーバ"
"体技状態異常","冥界の門 (消費MP:45)","冥王ネルゲル"
"体技状態異常","冥府の縛鎖 (消費MP:56)","冥獣王ネルゲル"
"体技状態異常","マジカル☆ポシェット (消費MP:56)","怪獣プスゴン"
"体技状態異常","テンプテーション (消費MP:65)","妖魔ジュリアンテ"
"体技状態異常","あやつる (消費MP:18)","アモデウス"
"体技状態異常","キャンディーシャワー (消費MP:50)","魔女クシャラミ"
"体技状態異常","ふしょくえき (消費MP:10)","スカラベキング"
"体技状態異常","破壊神の叫び (消費MP:65)","新生転生2破壊神シドー"
"体技特殊","だいぼうぎょ (消費MP:40)","オリハルゴン"
"体技特殊","だいぼうぎょ (消費MP:40)","ヘラクレイザー"
"体技特殊","だいぼうぎょ (消費MP:40)","うごくせきぞう"
"体技特殊","だいぼうぎょ (消費MP:40)","アイスゴーレム"
"体技特殊","だいぼうぎょ (消費MP:40)","ガメゴン"
"体技特殊","いてつく眼光 (消費MP:21)","バラモスブロス"
"体技特殊","いてつく眼光 (消費MP:21)","デスピサロ"
"体技特殊","いてつくはどう (消費MP:42)","邪眼皇帝アウルート"
"体技特殊","いてつくはどう (消費MP:42)","エスターク"
"体技特殊","いてつくはどう (消費MP:42)","大魔王ゾーマ"
"体技特殊","封印の霧 (消費MP:56)","大魔王デスタムーア"
"ブレス攻撃","火の息 (消費MP:8)","アルゴングレート"
"ブレス攻撃","火の息 (消費MP:8)","レッドドラゴン"
"ブレス攻撃","火の息 (消費MP:8)","ヘルビートル"
"ブレス攻撃","火の息 (消費MP:8)","ひくいどり"
"ブレス攻撃","火の息 (消費MP:8)","かりゅうそう"
"ブレス攻撃","火の息 (消費MP:8)","メラリザード"
"ブレス攻撃","火の息 (消費MP:8)","ドラゴン"
"ブレス攻撃","火の息 (消費MP:8)","バトルレックス"
"ブレス攻撃","火の息 (消費MP:8)","キメラ"
"ブレス攻撃","火の息 (消費MP:8)","かえんムカデ"
"ブレス攻撃","火の息 (消費MP:8)","フレイム"
"ブレス攻撃","火炎の息 (消費MP:23)","やまたのおろち"
"ブレス攻撃","火炎の息 (消費MP:23)","バザックス"
"ブレス攻撃","火炎の息 (消費MP:23)","ベリアル"
"ブレス攻撃","火炎の息 (消費MP:23)","ドラゴンキッズ"
"ブレス攻撃","火炎の息 (消費MP:23)","アンクルホーン"
"ブレス攻撃","火炎の息 (消費MP:23)","ギガントヒルズ"
"ブレス攻撃","火炎の息 (消費MP:23)","アンドレアル"
"ブレス攻撃","火炎の息 (消費MP:23)","ボアソルジャー"
"ブレス攻撃","火炎の息 (消費MP:23)","Vロン"
"ブレス攻撃","火炎の息 (消費MP:23)","ドラゴンソルジャー"
"ブレス攻撃","火炎の息 (消費MP:23)","ベロリンマン"
"ブレス攻撃","火炎の息 (消費MP:23)","フレアドラゴン"
"ブレス攻撃","火炎の息 (消費MP:23)","ヒートギズモ"
"ブレス攻撃","火炎の息 (消費MP:23)","ヘルダイバー"
"ブレス攻撃","火炎の息 (消費MP:23)","スターキメラ"
"ブレス攻撃","火炎の息 (消費MP:23)","ようがんまじん"
"ブレス攻撃","火炎の息 (消費MP:23)","テラノザース"
"ブレス攻撃","火炎の息 (消費MP:23)","かえんムカデ"
"ブレス攻撃","はげしい炎 (消費MP:55)","やまたのおろち"
"ブレス攻撃","はげしい炎 (消費MP:55)","デスピサロ"
"ブレス攻撃","はげしい炎 (消費MP:55)","デビルロード"
"ブレス攻撃","はげしい炎 (消費MP:55)","ヘルバトラー"
"ブレス攻撃","はげしい炎 (消費MP:55)","グレートライドン"
"ブレス攻撃","はげしい炎 (消費MP:55)","イズライール"
"ブレス攻撃","はげしい炎 (消費MP:55)","マッドファルコン"
"ブレス攻撃","はげしい炎 (消費MP:55)","スカイドラゴン"
"ブレス攻撃","はげしい炎 (消費MP:55)","エビルホーク"
"ブレス攻撃","はげしい炎 (消費MP:55)","ドラゴンライダー"
"ブレス攻撃","はげしい炎 (消費MP:55)","ゴードンヘッド"
"ブレス攻撃","はげしい炎 (消費MP:55)","プオーン"
"ブレス攻撃","はげしい炎 (消費MP:55)","シャークマジュ"
"ブレス攻撃","はげしい炎 (消費MP:55)","ダースドラゴン"
"ブレス攻撃","つめたい息 (消費MP:9)","アイスコンドル"
"ブレス攻撃","つめたい息 (消費MP:9)","シーライオン"
"ブレス攻撃","つめたい息 (消費MP:9)","ギャオース"
"ブレス攻撃","つめたい息 (消費MP:9)","チョコももんじゃ"
"ブレス攻撃","つめたい息 (消費MP:9)","ミニデーモン"
"ブレス攻撃","つめたい息 (消費MP:9)","ダッシュラン"
"ブレス攻撃","つめたい息 (消費MP:9)","ブリザード"
"ブレス攻撃","つめたい息 (消費MP:9)","ビックアイ"
"ブレス攻撃","こおりの息 (消費MP:26)","ワイトキング"
"ブレス攻撃","こおりの息 (消費MP:26)","スカルゴン"
"ブレス攻撃","こおりの息 (消費MP:26)","フロストギズモ"
"ブレス攻撃","こおりの息 (消費MP:26)","グレイトドラゴン"
"ブレス攻撃","こおりの息 (消費MP:26)","グレートオーラス"
"ブレス攻撃","こおりの息 (消費MP:26)","アイスコンドル"
"ブレス攻撃","こおりの息 (消費MP:26)","ホークブリザード"
"ブレス攻撃","こおりの息 (消費MP:26)","ベビーニュート"
"ブレス攻撃","こおりの息 (消費MP:26)","ギャオース"
"ブレス攻撃","こおりの息 (消費MP:26)","ギズモ"
"ブレス攻撃","こおりの息 (消費MP:26)","キースドラゴン"
"ブレス攻撃","こおりの息 (消費MP:26)","テラノライナー"
"ブレス攻撃","こごえる吹雪 (消費MP:62)","バルザック"
"ブレス攻撃","こごえる吹雪 (消費MP:62)","ブラックドラゴン"
"ブレス攻撃","こごえる吹雪 (消費MP:62)","キングレオ"
"ブレス攻撃","こごえる吹雪 (消費MP:62)","ドラゴンゾンビ"
"ブレス攻撃","こごえる吹雪 (消費MP:62)","ヘルミラージュ"
"ブレス攻撃","こごえる吹雪 (消費MP:62)","バズズ"
"ブレス攻撃","こごえる吹雪 (消費MP:62)","ナイトキング"
"ブレス攻撃","こごえる吹雪 (消費MP:62)","ジャミ"
"ブレス攻撃","こごえる吹雪 (消費MP:62)","シールドオーガ"
"ブレス攻撃","こごえる吹雪 (消費MP:62)","ゆきのじょおう"
"ブレス攻撃","こごえる吹雪 (消費MP:62)","メッサーラ"
"ブレス攻撃","こごえる吹雪 (消費MP:62)","ホロゴースト"
"ブレス攻撃","こごえる吹雪 (消費MP:62)","ひょうがまじん"
"ブレス攻撃","しゃくねつ (消費MP:110)","竜王"
"ブレス攻撃","しゃくねつ (消費MP:110)","キングヒドラ"
"ブレス攻撃","しゃくねつ (消費MP:110)","れんごくまちょう"
"ブレス攻撃","しゃくねつ (消費MP:110)","サラマンダー"
"ブレス攻撃","しゃくねつ (消費MP:110)","デスタムーア"
"ブレス攻撃","しゃくねつ (消費MP:110)","ジャミラス"
"ブレス攻撃","しゃくねつ (消費MP:110)","だいおうクジラ"
"ブレス攻撃","しゃくねつ (消費MP:110)","ファンキードラゴ"
"ブレス攻撃","しゃくねつ (消費MP:110)","新生転生バザックス"
"ブレス攻撃","やみのブレス (消費MP:26)","じごくのヌエ"
"ブレス攻撃","やみのブレス (消費MP:26)","ダークスライム"
"ブレス攻撃","やみのブレス (消費MP:26)","ホースデビル"
"ブレス攻撃","やみのブレス (消費MP:26)","シャドー"
"ブレス攻撃","かがやく息 (消費MP:124)","破壊神シドー"
"ブレス攻撃","かがやく息 (消費MP:124)","バラモスゾンビ"
"ブレス攻撃","かがやく息 (消費MP:124)","新生転生キングヒドラ"
"ブレス攻撃","かがやく息 (消費MP:124)","オムド・ロレス"
"ブレス攻撃","れんごく火球 (消費MP:27)","れんごくまちょう"
"ブレス攻撃","れんごく火球 (消費MP:27)","ブレイズホーン"
"ブレス攻撃","れんごく火球 (消費MP:27)","キングリザード"
"ブレス攻撃","れんごく火球 (消費MP:27)","ガーディアン"
"ブレス攻撃","れんごく火球 (消費MP:27)","れんごく天馬"
"ブレス攻撃","しゃくねつ火球 (消費MP:19)","ライバーンロード"
"ブレス攻撃","しゃくねつ火球 (消費MP:19)","ヒドラ"
"ブレス攻撃","しゃくねつ火球 (消費MP:19)","ギガントドラゴン"
"ブレス攻撃","しゃくねつ火球 (消費MP:19)","ドラゴンマシン"
"ブレス攻撃","しゃくねつ火球 (消費MP:19)","メタルリザード"
"ブレス攻撃","しゃくねつ火球 (消費MP:19)","スライムブレス"
"ブレス攻撃","ひかりのブレス (消費MP:55)","にじくじゃく"
"ブレス攻撃","ひかりのブレス (消費MP:55)","不死鳥ラーミア"
"ブレス攻撃","ひかりのブレス (消費MP:55)","レジェンドホース"
"ブレス攻撃","ひかりのブレス (消費MP:55)","ユニコーン"
"ブレス攻撃","ひかりのブレス (消費MP:55)","ラーミア"
"ブレス攻撃","ひかりのブレス (消費MP:55)","みずたまドラゴン"
"ブレス攻撃","白くかがやく光 (消費MP:110)","トワイライトメア"
"ブレス攻撃","白くかがやく光 (消費MP:110)","神竜"
"ブレス攻撃","白くかがやく光 (消費MP:110)","グランシーザー"
"ブレス攻撃","白くかがやく光 (消費MP:110)","オーシャンボーン"
"ブレス攻撃","デスファイア (消費MP:33)","はめつの使者"
"ブレス攻撃","デスファイア (消費MP:33)","新生転生ベリアル"
"ブレス攻撃","黒くかがやく闇 (消費MP:124)","デビルドラグナー"
"ブレス状態異常","あまい息 (消費MP:15)","シルバーデビル"
"ブレス状態異常","あまい息 (消費MP:15)","アロダイタス"
"ブレス状態異常","あまい息 (消費MP:15)","エビルスピリッツ"
"ブレス状態異常","あまい息 (消費MP:15)","スマイルリザード"
"ブレス状態異常","あまい息 (消費MP:15)","はらぺこサタン"
"ブレス状態異常","あまい息 (消費MP:15)","ジングルモーモン"
"ブレス状態異常","あまい息 (消費MP:15)","ガメゴン"
"ブレス状態異常","あまい息 (消費MP:15)","ひとくい箱"
"ブレス状態異常","あまい息 (消費MP:15)","ナイトウイプス"
"ブレス状態異常","あまい息 (消費MP:15)","たまねぎマン"
"ブレス状態異常","あまい息 (消費MP:15)","たつのこナイト"
"ブレス状態異常","あまい息 (消費MP:15)","あばれうしどり"
"ブレス状態異常","あまい息 (消費MP:15)","テールイーター"
"ブレス状態異常","どくの息 (消費MP:12)","フレアドラゴン"
"ブレス状態異常","どくの息 (消費MP:12)","グリーンドラゴン"
"ブレス状態異常","どくの息 (消費MP:12)","じごくのたまねぎ"
"ブレス状態異常","どくの息 (消費MP:12)","どくイモムシ"
"ブレス状態異常","もうどくの息 (消費MP:24)","バブルキング"
"ブレス状態異常","もうどくの息 (消費MP:24)","アンドレアル"
"ブレス状態異常","もうどくの息 (消費MP:24)","どくどくゾンビ"
"ブレス状態異常","もうどくの息 (消費MP:24)","キングマーマン"
"ブレス状態異常","もうどくの息 (消費MP:24)","デスファレーナ"
"ブレス状態異常","やけつく息 (消費MP:12)","じごくのきし"
"ブレス状態異常","やけつく息 (消費MP:12)","ダークキング"
"ブレス状態異常","やけつく息 (消費MP:12)","グール"
"ブレス状態異常","やけつく息 (消費MP:12)","からあげサタン"
"ブレス状態異常","やけつく息 (消費MP:12)","ライバーン"
"ブレス状態異常","やけつく息 (消費MP:12)","ドラゴンキッズ"
"ブレス状態異常","やけつく息 (消費MP:12)","パンドラボックス"
"ブレス状態異常","やけつく息 (消費MP:12)","レッドドラゴン"
"ブレス状態異常","やけつく息 (消費MP:12)","ケンタラウス"
"ブレス状態異常","やけつく息 (消費MP:12)","ヘルジュラシック"
"ブレス状態異常","やけつく息 (消費MP:12)","しびれくらげ"
"ブレス状態異常","まどいの息 (消費MP:15)","グール"
"ブレス状態異常","まどいの息 (消費MP:15)","ミイラ男"
"ブレス状態異常","アシッドブレス (消費MP:32)","ヘルバオム"
"ブレス状態異常","アシッドブレス (消費MP:32)","セバスチャン"
"ブレス状態異常","アシッドブレス (消費MP:32)","ヒドラ"
"ブレス状態異常","アシッドブレス (消費MP:32)","スライダークボディ"
"ブレス状態異常","アシッドブレス (消費MP:32)","ヘルビースト"
"ブレス状態異常","アシッドブレス (消費MP:32)","キラーモス"
"ブレス状態異常","暗黒の瘴気 (消費MP:32)","まおうのかげ"
"ブレス状態異常","暗黒の瘴気 (消費MP:32)","ミルドラース"
"ブレス状態異常","暗黒の瘴気 (消費MP:32)","じごくのマドンナ"
"ブレス状態異常","呪いのきり (消費MP:32)","ブラッドマミー"
"ブレス状態異常","呪いのきり (消費MP:32)","魔戦士サイフォン"
"ブレス状態異常","呪いのきり (消費MP:32)","カプリゴン"
"ブレス状態異常","ダークブレス (消費MP:32)","ダークファンタズマ"
"ブレス状態異常","ダークブレス (消費MP:32)","ゾーマズデビル"
"ブレス状態異常","ダークブレス (消費MP:32)","ゴールデンボックス"
"ブレス状態異常","ダークブレス (消費MP:32)","トンブレロ"
"踊り状態異常","メダパニダンス (消費MP:16)","ドン・モグーラ"
"踊り状態異常","メダパニダンス (消費MP:16)","たんすミミック"
"踊り状態異常","メダパニダンス (消費MP:16)","どろにんぎょう"
"踊り状態異常","メダパニダンス (消費MP:16)","メランザーナ"
"踊り状態異常","メダパニダンス (消費MP:16)","パンプキッズ"
"踊り状態異常","メダパニダンス (消費MP:16)","キャットフライ"
"踊り状態異常","マホトラ踊り (消費MP:8)","どろにんぎょう"
"踊り状態異常","マホトラ踊り (消費MP:8)","じんめんじゅ"
"踊り状態異常","マホトラ踊り (消費MP:8)","キャットバット"
"踊り状態異常","マホトラ踊り (消費MP:8)","ぶちスライム"
"踊り状態異常","マホトラ踊り (消費MP:8)","ナスビナーラ"
"踊り状態異常","ファンキーダンス (消費MP:2)","ファンキーバード"
"踊り状態異常","ぱふぱふ (消費MP:38)","妖女イシュダル"
"踊り状態異常","ぱふぱふ (消費MP:38)","プリンセスライム"
"踊り状態異常","さそう踊り (消費MP:18)","ナスビナーラ"
"踊り状態異常","チャームウィップ (消費MP:41)","デスアラウネ"
"踊り状態異常","チャームウィップ (消費MP:41)","舞踏魔プレシアンナ"
"踊り状態異常","くちふうじ踊り (消費MP:36)","フラワーゾンビ"
"踊り状態異常","魅惑のまなざし (消費MP:38)","怪獣プスゴン"
"体技補助アップ","おいかぜ (消費MP:16)","バズズ"
"体技補助アップ","おいかぜ (消費MP:16)","ライバーンロード"
"体技補助アップ","みがわり (消費MP:8)","メタルカイザー"
"体技補助アップ","みがわり (消費MP:8)","メカバーン"
"体技補助アップ","みがわり (消費MP:8)","だいまじん"
"体技補助アップ","みがわり (消費MP:8)","スライムハーツ"
"体技補助アップ","みがわり (消費MP:8)","だいおうクジラ"
"体技補助アップ","みがわり (消費MP:8)","ドラゴメタル"
"体技補助アップ","みがわり (消費MP:8)","新生転生バザックス"
"体技補助アップ","みがわり (消費MP:8)","新生転生ヘラクレイザー"
"体技補助アップ","みがわり (消費MP:8)","スラキャンサー"
"体技補助アップ","みがわり (消費MP:8)","ビッグフェイス"
"体技補助アップ","みがわり (消費MP:8)","たてまじん"
"体技補助アップ","ちからため (消費MP:16)","レッドオーガ"
"体技補助アップ","ちからため (消費MP:16)","バベルボブル"
"体技補助アップ","ちからため (消費MP:16)","キャプテン・クロウ"
"体技補助アップ","ちからため (消費MP:16)","新生転生アトラス"
"体技補助アップ","ちからため (消費MP:16)","エリミネーター"
"体技補助アップ","ちからため (消費MP:16)","ヘルジャッカル"
"体技補助アップ","ちからため (消費MP:16)","マジーン"
"体技補助アップ","ちからため (消費MP:16)","ソルジャーブル"
"体技補助アップ","ちからため (消費MP:16)","さまようよろい"
"体技補助アップ","ちからため (消費MP:16)","モグラの子分"
"体技補助アップ","竜眼 (消費MP:48)","ドラゴンガイア"
"体技補助アップ","みかわしきゃく (消費MP:8)","リベリオファミリー"
"体技補助アップ","みかわしきゃく (消費MP:8)","木馬の騎士"
"体技補助アップ","みかわしきゃく (消費MP:8)","メタルスラン"
"体技補助アップ","みかわしきゃく (消費MP:8)","カメレオンマン"
"体技補助アップ","におうだち (消費MP:20)","てんのもんばん"
"体技補助アップ","におうだち (消費MP:20)","新生転生メタルスコーピオン"
"体技補助アップ","におうだち (消費MP:20)","オーガキング"
"体技補助アップ","におうだち (消費MP:20)","メタルゴーレム"
"体技補助アップ","ビッグシールド (消費MP:8)","サタンメイル"
"体技補助アップ","ビッグシールド (消費MP:8)","ピサロナイト"
"体技補助アップ","ビッグシールド (消費MP:8)","シールドこぞう"
"体技補助アップ","きあいため (消費MP:16)","ゲレゲレ"
"体技補助アップ","大地の守り (消費MP:36)","聖地竜オリハルゴン"
"体技補助アップ","星天の守り (消費MP:48)","聖天竜ミラクレア"
"体技補助アップ","覚醒モード (消費MP:16)","しびれくらげひめ"
"体技補助アップ","マッスルポーズ (消費MP:30)","デスストーカー"
"体技補助アップ","メイクアップ (消費MP:30)","カンダタレディース"
"体技補助アップ","斬撃よそく (消費MP:8)","デスマシーン"
"体技補助アップ","斬撃よそく (消費MP:8)","キラーマシン３"
"体技補助アップ","ぎゃくふう (消費MP:48)","ランプのまじん"
"体技補助アップ","ぎゃくふう (消費MP:48)","デビルパピヨン"
"体技補助アップ","ぎゃくふう (消費MP:48)","新生転生ヘルミラージュ"
"体技補助アップ","ぎゃくふう (消費MP:48)","新生転生ごくらくちょう"
"体技補助アップ","たたかいのうた (消費MP:36)","マポレーナ"
"体技補助アップ","たたかいのうた (消費MP:36)","潮風のディーバ"
"体技補助アップ","たたかいのうた (消費MP:36)","モグラ盗賊団"
"体技補助アップ","たたかいのうた (消費MP:36)","バトミン"
"体技補助アップ","たたかいのうた (消費MP:36)","ヘルコンダクター"
"体技補助アップ","完全覚醒 (消費MP:40)","地獄の帝王エスターク"
"体技補助アップ","まりょくのうた (消費MP:18)","グレドラ"
"体技補助アップ","まりょくのうた (消費MP:18)","ぱぱ＆まま"
"体技補助アップ","まりょくのうた (消費MP:18)","デスマエストロ"
"体技補助アップ","スラ・フィーバ (消費MP:30)","スライムハーツ"
"体技補助アップ","まもりの構え (消費MP:30)","魔戦士アルゴ"
"体技補助アップ","ハロウィンフィーバ (消費MP:60)","新生転生ハッピーハロウィン"
"体技補助アップ","超ちからため (消費MP:21)","ゴレオン将軍"
"ブレス補助","息をすいこむ (消費MP:16)","キングヒドラ"
"ブレス補助","息をすいこむ (消費MP:16)","マッドファルコン"
"踊り攻撃","フェザーストーム (消費MP:28)","ジャミラス"
"踊り攻撃","フェザーストーム (消費MP:28)","クシャラミ"
"踊り攻撃","つるぎのまい (消費MP:24)","グレートライドン"
"踊り攻撃","つるぎのまい (消費MP:24)","キングムーチョ"
"踊り攻撃","つるぎのまい (消費MP:24)","がいこつけんし"
"踊り攻撃","つるぎのまい (消費MP:24)","じごくのよろい"
"踊り攻撃","つるぎのまい (消費MP:24)","プチじごくのよろい"
"踊り攻撃","つるぎのまい (消費MP:24)","カメレオンマン"
"踊り攻撃","つるぎのまい (消費MP:24)","ホークマン"
"踊り攻撃","つるぎのまい (消費MP:24)","ブラッドソード"
"踊り攻撃","つるぎのまい (消費MP:24)","スカルブレード"
"踊り攻撃","うちわのまい (消費MP:24)","おまつりホイミン"
"踊り回復","ハッスルダンス (消費MP:54)","ファンキーバード"
"踊り回復","ハッスルダンス (消費MP:54)","ブルベリーノ"
"踊り補助","タップダンス (消費MP:36)","キラージャック"
"踊り補助","タップダンス (消費MP:36)","ゴールデンパペット"
